norma,artigo,sigla,nome,tipo,pertence_a,fonte_url
Lei nº 13.682/2003,"Art. 1º, I",AD-GAB,Gabinete do Subprefeito,Gabinete,SUB-AD,https://legislacao.prefeitura.sp.gov.br/leis/lei-13682-de-15-de-dezembro-de-2003
Lei nº 13.682/2003,"Art. 1º, I",AD-AJ,Assessoria Jurídica,Assessoria,AD-GAB,https://legislacao.prefeitura.sp.gov.br/leis/lei-13682-de-15-de-dezembro-de-2003
Lei nº 13.682/2003,"Art. 1º, I",AD-AC,Assessoria Executiva de Comunicação,Assessoria,AD-GAB,https://legislacao.prefeitura.sp.gov.br/leis/lei-13682-de-15-de-dezembro-de-2003
Lei nº 13.682/2003,"Art. 1º, I",AD-AT,Assessoria Técnica,Assessoria,AD-GAB,https://legislacao.prefeitura.sp.gov.br/leis/lei-13682-de-15-de-dezembro-de-2003
Lei nº 13.682/2003,"Art. 1º, I",AD-PAT,Praça de Atendimento ao Público,Unidade,AD-GAB,https://legislacao.prefeitura.sp.gov.br/leis/lei-13682-de-15-de-dezembro-de-2003
Lei nº 13.682/2003,"Art. 1º, VIII",AD-CAF,Coordenadoria de Administração e Finanças,Coordenadoria,SUB-AD,https://legislacao.prefeitura.sp.gov.br/leis/lei-13682-de-15-de-dezembro-de-2003
Lei nº 13.682/2003,"Art. 1º, VIII",AD-SAS,Supervisão de Administração e Suprimentos,Supervisão,AD-CAF,https://legislacao.prefeitura.sp.gov.br/leis/lei-13682-de-15-de-dezembro-de-2003
Lei nº 13.682/2003,"Art. 1º, VIII",AD-SF,Supervisão de Finanças,Supervisão,AD-CAF,https://legislacao.prefeitura.sp.gov.br/leis/lei-13682-de-15-de-dezembro-de-2003
Lei nº 13.682/2003,"Art. 1º, VIII",AD-SUGESP,Supervisão de Gestão de Pessoas,Supervisão,AD-CAF,https://legislacao.prefeitura.sp.gov.br/leis/lei-13682-de-15-de-dezembro-de-2003
Sem base legal formal — núcleo administrativo,,AD-AJTI,Núcleo de Informática,Núcleo (informal),AD-CAF,https://prefeitura.sp.gov.br/web/vila_prudente/w/acesso_a_informacao/50094
Lei nº 13.682/2003,"Art. 1º, III",AD-CPDU,Coordenadoria de Planejamento e Desenvolvimento Urbano,Coordenadoria,SUB-AD,https://legislacao.prefeitura.sp.gov.br/leis/lei-13682-de-15-de-dezembro-de-2003
Lei nº 13.682/2003,"Art. 1º, III",AD-STUSL,Supervisão Técnica de Uso do Solo e Licenciamentos,Supervisão,AD-CPDU,https://legislacao.prefeitura.sp.gov.br/leis/lei-13682-de-15-de-dezembro-de-2003
Lei nº 13.682/2003,"Art. 1º, III",AD-STPU,Supervisão Técnica de Planejamento Urbano,Supervisão,AD-CPDU,https://legislacao.prefeitura.sp.gov.br/leis/lei-13682-de-15-de-dezembro-de-2003
Lei nº 13.682/2003,"Art. 1º, III",AD-STF,Supervisão Técnica de Fiscalização,Supervisão,AD-CPDU,https://legislacao.prefeitura.sp.gov.br/leis/lei-13682-de-15-de-dezembro-de-2003
Lei nº 13.682/2003,"Art. 1º, IV e V",AD-CPO,Coordenadoria de Projetos e Obras,Coordenadoria,SUB-AD,https://legislacao.prefeitura.sp.gov.br/leis/lei-13682-de-15-de-dezembro-de-2003
Lei nº 13.682/2003,"Art. 1º, IV e V",AD-STPO,Supervisão Técnica de Projetos e Obras,Supervisão,AD-CPO,https://legislacao.prefeitura.sp.gov.br/leis/lei-13682-de-15-de-dezembro-de-2003
Lei nº 13.682/2003,"Art. 1º, IV e V",AD-STLP,Supervisão Técnica de Limpeza Pública,Supervisão,AD-CPO,https://legislacao.prefeitura.sp.gov.br/leis/lei-13682-de-15-de-dezembro-de-2003
Lei nº 13.682/2003,"Art. 1º, IV e V",AD-STM,Supervisão Técnica de Manutenção,Supervisão,AD-CPO,https://legislacao.prefeitura.sp.gov.br/leis/lei-13682-de-15-de-dezembro-de-2003
Decreto nº 57.588/2017,Art. 1º,AD-CGL,Coordenadoria de Governo Local,Coordenadoria,SUB-AD,https://legislacao.prefeitura.sp.gov.br/leis/decreto-57588-de-10-de-fevereiro-de-2017
Decreto nº 57.588/2017,Art. 2º,AD-HABI,Supervisão de Habitação,Supervisão,AD-CGL,https://legislacao.prefeitura.sp.gov.br/leis/decreto-57588-de-10-de-fevereiro-de-2017
Decreto nº 57.588/2017,Art. 2º,AD-SC,Supervisão de Cultura,Supervisão,AD-CGL,https://legislacao.prefeitura.sp.gov.br/leis/decreto-57588-de-10-de-fevereiro-de-2017
Decreto nº 57.588/2017,Art. 2º,AD-SEL,Supervisão de Esportes e Lazer,Supervisão,AD-CGL,https://legislacao.prefeitura.sp.gov.br/leis/decreto-57588-de-10-de-fevereiro-de-2017
Lei nº 13.682/2003,"Art. 1º, I",AF-GAB,Gabinete do Subprefeito,Gabinete,SUB-AF,https://legislacao.prefeitura.sp.gov.br/leis/lei-13682-de-15-de-dezembro-de-2003
Lei nº 13.682/2003,"Art. 1º, I",AF-AJ,Assessoria Jurídica,Assessoria,AF-GAB,https://legislacao.prefeitura.sp.gov.br/leis/lei-13682-de-15-de-dezembro-de-2003
Lei nº 13.682/2003,"Art. 1º, I",AF-AC,Assessoria Executiva de Comunicação,Assessoria,AF-GAB,https://legislacao.prefeitura.sp.gov.br/leis/lei-13682-de-15-de-dezembro-de-2003
Lei nº 13.682/2003,"Art. 1º, I",AF-AT,Assessoria Técnica,Assessoria,AF-GAB,https://legislacao.prefeitura.sp.gov.br/leis/lei-13682-de-15-de-dezembro-de-2003
Lei nº 13.682/2003,"Art. 1º, I",AF-PAT,Praça de Atendimento ao Público,Unidade,AF-GAB,https://legislacao.prefeitura.sp.gov.br/leis/lei-13682-de-15-de-dezembro-de-2003
Lei nº 13.682/2003,"Art. 1º, VIII",AF-CAF,Coordenadoria de Administração e Finanças,Coordenadoria,SUB-AF,https://legislacao.prefeitura.sp.gov.br/leis/lei-13682-de-15-de-dezembro-de-2003
Lei nº 13.682/2003,"Art. 1º, VIII",AF-SAS,Supervisão de Administração e Suprimentos,Supervisão,AF-CAF,https://legislacao.prefeitura.sp.gov.br/leis/lei-13682-de-15-de-dezembro-de-2003
Lei nº 13.682/2003,"Art. 1º, VIII",AF-SF,Supervisão de Finanças,Supervisão,AF-CAF,https://legislacao.prefeitura.sp.gov.br/leis/lei-13682-de-15-de-dezembro-de-2003
Lei nº 13.682/2003,"Art. 1º, VIII",AF-SUGESP,Supervisão de Gestão de Pessoas,Supervisão,AF-CAF,https://legislacao.prefeitura.sp.gov.br/leis/lei-13682-de-15-de-dezembro-de-2003
Sem base legal formal — núcleo administrativo,,AF-AJTI,Núcleo de Informática,Núcleo (informal),AF-CAF,https://prefeitura.sp.gov.br/web/vila_prudente/w/acesso_a_informacao/50094
Lei nº 13.682/2003,"Art. 1º, III",AF-CPDU,Coordenadoria de Planejamento e Desenvolvimento Urbano,Coordenadoria,SUB-AF,https://legislacao.prefeitura.sp.gov.br/leis/lei-13682-de-15-de-dezembro-de-2003
Lei nº 13.682/2003,"Art. 1º, III",AF-STUSL,Supervisão Técnica de Uso do Solo e Licenciamentos,Supervisão,AF-CPDU,https://legislacao.prefeitura.sp.gov.br/leis/lei-13682-de-15-de-dezembro-de-2003
Lei nº 13.682/2003,"Art. 1º, III",AF-STPU,Supervisão Técnica de Planejamento Urbano,Supervisão,AF-CPDU,https://legislacao.prefeitura.sp.gov.br/leis/lei-13682-de-15-de-dezembro-de-2003
Lei nº 13.682/2003,"Art. 1º, III",AF-STF,Supervisão Técnica de Fiscalização,Supervisão,AF-CPDU,https://legislacao.prefeitura.sp.gov.br/leis/lei-13682-de-15-de-dezembro-de-2003
Lei nº 13.682/2003,"Art. 1º, IV e V",AF-CPO,Coordenadoria de Projetos e Obras,Coordenadoria,SUB-AF,https://legislacao.prefeitura.sp.gov.br/leis/lei-13682-de-15-de-dezembro-de-2003
Lei nº 13.682/2003,"Art. 1º, IV e V",AF-STPO,Supervisão Técnica de Projetos e Obras,Supervisão,AF-CPO,https://legislacao.prefeitura.sp.gov.br/leis/lei-13682-de-15-de-dezembro-de-2003
Lei nº 13.682/2003,"Art. 1º, IV e V",AF-STLP,Supervisão Técnica de Limpeza Pública,Supervisão,AF-CPO,https://legislacao.prefeitura.sp.gov.br/leis/lei-13682-de-15-de-dezembro-de-2003
Lei nº 13.682/2003,"Art. 1º, IV e V",AF-STM,Supervisão Técnica de Manutenção,Supervisão,AF-CPO,https://legislacao.prefeitura.sp.gov.br/leis/lei-13682-de-15-de-dezembro-de-2003
Decreto nº 57.588/2017,Art. 1º,AF-CGL,Coordenadoria de Governo Local,Coordenadoria,SUB-AF,https://legislacao.prefeitura.sp.gov.br/leis/decreto-57588-de-10-de-fevereiro-de-2017
Decreto nº 57.588/2017,Art. 2º,AF-HABI,Supervisão de Habitação,Supervisão,AF-CGL,https://legislacao.prefeitura.sp.gov.br/leis/decreto-57588-de-10-de-fevereiro-de-2017
Decreto nº 57.588/2017,Art. 2º,AF-SC,Supervisão de Cultura,Supervisão,AF-CGL,https://legislacao.prefeitura.sp.gov.br/leis/decreto-57588-de-10-de-fevereiro-de-2017
Decreto nº 57.588/2017,Art. 2º,AF-SEL,Supervisão de Esportes e Lazer,Supervisão,AF-CGL,https://legislacao.prefeitura.sp.gov.br/leis/decreto-57588-de-10-de-fevereiro-de-2017
Lei nº 13.682/2003,"Art. 1º, I",BT-GAB,Gabinete do Subprefeito,Gabinete,SUB-BT,https://legislacao.prefeitura.sp.gov.br/leis/lei-13682-de-15-de-dezembro-de-2003
Lei nº 13.682/2003,"Art. 1º, I",BT-AJ,Assessoria Jurídica,Assessoria,BT-GAB,https://legislacao.prefeitura.sp.gov.br/leis/lei-13682-de-15-de-dezembro-de-2003
Lei nº 13.682/2003,"Art. 1º, I",BT-AC,Assessoria Executiva de Comunicação,Assessoria,BT-GAB,https://legislacao.prefeitura.sp.gov.br/leis/lei-13682-de-15-de-dezembro-de-2003
Lei nº 13.682/2003,"Art. 1º, I",BT-AT,Assessoria Técnica,Assessoria,BT-GAB,https://legislacao.prefeitura.sp.gov.br/leis/lei-13682-de-15-de-dezembro-de-2003
Lei nº 13.682/2003,"Art. 1º, I",BT-PAT,Praça de Atendimento ao Público,Unidade,BT-GAB,https://legislacao.prefeitura.sp.gov.br/leis/lei-13682-de-15-de-dezembro-de-2003
Lei nº 13.682/2003,"Art. 1º, VIII",BT-CAF,Coordenadoria de Administração e Finanças,Coordenadoria,SUB-BT,https://legislacao.prefeitura.sp.gov.br/leis/lei-13682-de-15-de-dezembro-de-2003
Lei nº 13.682/2003,"Art. 1º, VIII",BT-SAS,Supervisão de Administração e Suprimentos,Supervisão,BT-CAF,https://legislacao.prefeitura.sp.gov.br/leis/lei-13682-de-15-de-dezembro-de-2003
Lei nº 13.682/2003,"Art. 1º, VIII",BT-SF,Supervisão de Finanças,Supervisão,BT-CAF,https://legislacao.prefeitura.sp.gov.br/leis/lei-13682-de-15-de-dezembro-de-2003
Lei nº 13.682/2003,"Art. 1º, VIII",BT-SUGESP,Supervisão de Gestão de Pessoas,Supervisão,BT-CAF,https://legislacao.prefeitura.sp.gov.br/leis/lei-13682-de-15-de-dezembro-de-2003
Sem base legal formal — núcleo administrativo,,BT-AJTI,Núcleo de Informática,Núcleo (informal),BT-CAF,https://prefeitura.sp.gov.br/web/vila_prudente/w/acesso_a_informacao/50094
Lei nº 13.682/2003,"Art. 1º, III",BT-CPDU,Coordenadoria de Planejamento e Desenvolvimento Urbano,Coordenadoria,SUB-BT,https://legislacao.prefeitura.sp.gov.br/leis/lei-13682-de-15-de-dezembro-de-2003
Lei nº 13.682/2003,"Art. 1º, III",BT-STUSL,Supervisão Técnica de Uso do Solo e Licenciamentos,Supervisão,BT-CPDU,https://legislacao.prefeitura.sp.gov.br/leis/lei-13682-de-15-de-dezembro-de-2003
Lei nº 13.682/2003,"Art. 1º, III",BT-STPU,Supervisão Técnica de Planejamento Urbano,Supervisão,BT-CPDU,https://legislacao.prefeitura.sp.gov.br/leis/lei-13682-de-15-de-dezembro-de-2003
Lei nº 13.682/2003,"Art. 1º, III",BT-STF,Supervisão Técnica de Fiscalização,Supervisão,BT-CPDU,https://legislacao.prefeitura.sp.gov.br/leis/lei-13682-de-15-de-dezembro-de-2003
Lei nº 13.682/2003,"Art. 1º, IV e V",BT-CPO,Coordenadoria de Projetos e Obras,Coordenadoria,SUB-BT,https://legislacao.prefeitura.sp.gov.br/leis/lei-13682-de-15-de-dezembro-de-2003
Lei nº 13.682/2003,"Art. 1º, IV e V",BT-STPO,Supervisão Técnica de Projetos e Obras,Supervisão,BT-CPO,https://legislacao.prefeitura.sp.gov.br/leis/lei-13682-de-15-de-dezembro-de-2003
Lei nº 13.682/2003,"Art. 1º, IV e V",BT-STLP,Supervisão Técnica de Limpeza Pública,Supervisão,BT-CPO,https://legislacao.prefeitura.sp.gov.br/leis/lei-13682-de-15-de-dezembro-de-2003
Lei nº 13.682/2003,"Art. 1º, IV e V",BT-STM,Supervisão Técnica de Manutenção,Supervisão,BT-CPO,https://legislacao.prefeitura.sp.gov.br/leis/lei-13682-de-15-de-dezembro-de-2003
Decreto nº 57.588/2017,Art. 1º,BT-CGL,Coordenadoria de Governo Local,Coordenadoria,SUB-BT,https://legislacao.prefeitura.sp.gov.br/leis/decreto-57588-de-10-de-fevereiro-de-2017
Decreto nº 57.588/2017,Art. 2º,BT-HABI,Supervisão de Habitação,Supervisão,BT-CGL,https://legislacao.prefeitura.sp.gov.br/leis/decreto-57588-de-10-de-fevereiro-de-2017
Decreto nº 57.588/2017,Art. 2º,BT-SC,Supervisão de Cultura,Supervisão,BT-CGL,https://legislacao.prefeitura.sp.gov.br/leis/decreto-57588-de-10-de-fevereiro-de-2017
Decreto nº 57.588/2017,Art. 2º,BT-SEL,Supervisão de Esportes e Lazer,Supervisão,BT-CGL,https://legislacao.prefeitura.sp.gov.br/leis/decreto-57588-de-10-de-fevereiro-de-2017
Lei nº 13.682/2003,"Art. 1º, I",CL-GAB,Gabinete do Subprefeito,Gabinete,SUB-CL,https://legislacao.prefeitura.sp.gov.br/leis/lei-13682-de-15-de-dezembro-de-2003
Lei nº 13.682/2003,"Art. 1º, I",CL-AJ,Assessoria Jurídica,Assessoria,CL-GAB,https://legislacao.prefeitura.sp.gov.br/leis/lei-13682-de-15-de-dezembro-de-2003
Lei nº 13.682/2003,"Art. 1º, I",CL-AC,Assessoria Executiva de Comunicação,Assessoria,CL-GAB,https://legislacao.prefeitura.sp.gov.br/leis/lei-13682-de-15-de-dezembro-de-2003
Lei nº 13.682/2003,"Art. 1º, I",CL-AT,Assessoria Técnica,Assessoria,CL-GAB,https://legislacao.prefeitura.sp.gov.br/leis/lei-13682-de-15-de-dezembro-de-2003
Lei nº 13.682/2003,"Art. 1º, I",CL-PAT,Praça de Atendimento ao Público,Unidade,CL-GAB,https://legislacao.prefeitura.sp.gov.br/leis/lei-13682-de-15-de-dezembro-de-2003
Lei nº 13.682/2003,"Art. 1º, VIII",CL-CAF,Coordenadoria de Administração e Finanças,Coordenadoria,SUB-CL,https://legislacao.prefeitura.sp.gov.br/leis/lei-13682-de-15-de-dezembro-de-2003
Lei nº 13.682/2003,"Art. 1º, VIII",CL-SAS,Supervisão de Administração e Suprimentos,Supervisão,CL-CAF,https://legislacao.prefeitura.sp.gov.br/leis/lei-13682-de-15-de-dezembro-de-2003
Lei nº 13.682/2003,"Art. 1º, VIII",CL-SF,Supervisão de Finanças,Supervisão,CL-CAF,https://legislacao.prefeitura.sp.gov.br/leis/lei-13682-de-15-de-dezembro-de-2003
Lei nº 13.682/2003,"Art. 1º, VIII",CL-SUGESP,Supervisão de Gestão de Pessoas,Supervisão,CL-CAF,https://legislacao.prefeitura.sp.gov.br/leis/lei-13682-de-15-de-dezembro-de-2003
Sem base legal formal — núcleo administrativo,,CL-AJTI,Núcleo de Informática,Núcleo (informal),CL-CAF,https://prefeitura.sp.gov.br/web/vila_prudente/w/acesso_a_informacao/50094
Lei nº 13.682/2003,"Art. 1º, III",CL-CPDU,Coordenadoria de Planejamento e Desenvolvimento Urbano,Coordenadoria,SUB-CL,https://legislacao.prefeitura.sp.gov.br/leis/lei-13682-de-15-de-dezembro-de-2003
Lei nº 13.682/2003,"Art. 1º, III",CL-STUSL,Supervisão Técnica de Uso do Solo e Licenciamentos,Supervisão,CL-CPDU,https://legislacao.prefeitura.sp.gov.br/leis/lei-13682-de-15-de-dezembro-de-2003
Lei nº 13.682/2003,"Art. 1º, III",CL-STPU,Supervisão Técnica de Planejamento Urbano,Supervisão,CL-CPDU,https://legislacao.prefeitura.sp.gov.br/leis/lei-13682-de-15-de-dezembro-de-2003
Lei nº 13.682/2003,"Art. 1º, III",CL-STF,Supervisão Técnica de Fiscalização,Supervisão,CL-CPDU,https://legislacao.prefeitura.sp.gov.br/leis/lei-13682-de-15-de-dezembro-de-2003
Lei nº 13.682/2003,"Art. 1º, IV e V",CL-CPO,Coordenadoria de Projetos e Obras,Coordenadoria,SUB-CL,https://legislacao.prefeitura.sp.gov.br/leis/lei-13682-de-15-de-dezembro-de-2003
Lei nº 13.682/2003,"Art. 1º, IV e V",CL-STPO,Supervisão Técnica de Projetos e Obras,Supervisão,CL-CPO,https://legislacao.prefeitura.sp.gov.br/leis/lei-13682-de-15-de-dezembro-de-2003
Lei nº 13.682/2003,"Art. 1º, IV e V",CL-STLP,Supervisão Técnica de Limpeza Pública,Supervisão,CL-CPO,https://legislacao.prefeitura.sp.gov.br/leis/lei-13682-de-15-de-dezembro-de-2003
Lei nº 13.682/2003,"Art. 1º, IV e V",CL-STM,Supervisão Técnica de Manutenção,Supervisão,CL-CPO,https://legislacao.prefeitura.sp.gov.br/leis/lei-13682-de-15-de-dezembro-de-2003
Decreto nº 57.588/2017,Art. 1º,CL-CGL,Coordenadoria de Governo Local,Coordenadoria,SUB-CL,https://legislacao.prefeitura.sp.gov.br/leis/decreto-57588-de-10-de-fevereiro-de-2017
Decreto nº 57.588/2017,Art. 2º,CL-HABI,Supervisão de Habitação,Supervisão,CL-CGL,https://legislacao.prefeitura.sp.gov.br/leis/decreto-57588-de-10-de-fevereiro-de-2017
Decreto nº 57.588/2017,Art. 2º,CL-SC,Supervisão de Cultura,Supervisão,CL-CGL,https://legislacao.prefeitura.sp.gov.br/leis/decreto-57588-de-10-de-fevereiro-de-2017
Decreto nº 57.588/2017,Art. 2º,CL-SEL,Supervisão de Esportes e Lazer,Supervisão,CL-CGL,https://legislacao.prefeitura.sp.gov.br/leis/decreto-57588-de-10-de-fevereiro-de-2017
Lei nº 13.682/2003,"Art. 1º, I",CS-GAB,Gabinete do Subprefeito,Gabinete,SUB-CS,https://legislacao.prefeitura.sp.gov.br/leis/lei-13682-de-15-de-dezembro-de-2003
Lei nº 13.682/2003,"Art. 1º, I",CS-AJ,Assessoria Jurídica,Assessoria,CS-GAB,https://legislacao.prefeitura.sp.gov.br/leis/lei-13682-de-15-de-dezembro-de-2003
Lei nº 13.682/2003,"Art. 1º, I",CS-AC,Assessoria Executiva de Comunicação,Assessoria,CS-GAB,https://legislacao.prefeitura.sp.gov.br/leis/lei-13682-de-15-de-dezembro-de-2003
Lei nº 13.682/2003,"Art. 1º, I",CS-AT,Assessoria Técnica,Assessoria,CS-GAB,https://legislacao.prefeitura.sp.gov.br/leis/lei-13682-de-15-de-dezembro-de-2003
Lei nº 13.682/2003,"Art. 1º, I",CS-PAT,Praça de Atendimento ao Público,Unidade,CS-GAB,https://legislacao.prefeitura.sp.gov.br/leis/lei-13682-de-15-de-dezembro-de-2003
Lei nº 13.682/2003,"Art. 1º, VIII",CS-CAF,Coordenadoria de Administração e Finanças,Coordenadoria,SUB-CS,https://legislacao.prefeitura.sp.gov.br/leis/lei-13682-de-15-de-dezembro-de-2003
Lei nº 13.682/2003,"Art. 1º, VIII",CS-SAS,Supervisão de Administração e Suprimentos,Supervisão,CS-CAF,https://legislacao.prefeitura.sp.gov.br/leis/lei-13682-de-15-de-dezembro-de-2003
Lei nº 13.682/2003,"Art. 1º, VIII",CS-SF,Supervisão de Finanças,Supervisão,CS-CAF,https://legislacao.prefeitura.sp.gov.br/leis/lei-13682-de-15-de-dezembro-de-2003
Lei nº 13.682/2003,"Art. 1º, VIII",CS-SUGESP,Supervisão de Gestão de Pessoas,Supervisão,CS-CAF,https://legislacao.prefeitura.sp.gov.br/leis/lei-13682-de-15-de-dezembro-de-2003
Sem base legal formal — núcleo administrativo,,CS-AJTI,Núcleo de Informática,Núcleo (informal),CS-CAF,https://prefeitura.sp.gov.br/web/vila_prudente/w/acesso_a_informacao/50094
Lei nº 13.682/2003,"Art. 1º, III",CS-CPDU,Coordenadoria de Planejamento e Desenvolvimento Urbano,Coordenadoria,SUB-CS,https://legislacao.prefeitura.sp.gov.br/leis/lei-13682-de-15-de-dezembro-de-2003
Lei nº 13.682/2003,"Art. 1º, III",CS-STUSL,Supervisão Técnica de Uso do Solo e Licenciamentos,Supervisão,CS-CPDU,https://legislacao.prefeitura.sp.gov.br/leis/lei-13682-de-15-de-dezembro-de-2003
Lei nº 13.682/2003,"Art. 1º, III",CS-STPU,Supervisão Técnica de Planejamento Urbano,Supervisão,CS-CPDU,https://legislacao.prefeitura.sp.gov.br/leis/lei-13682-de-15-de-dezembro-de-2003
Lei nº 13.682/2003,"Art. 1º, III",CS-STF,Supervisão Técnica de Fiscalização,Supervisão,CS-CPDU,https://legislacao.prefeitura.sp.gov.br/leis/lei-13682-de-15-de-dezembro-de-2003
Lei nº 13.682/2003,"Art. 1º, IV e V",CS-CPO,Coordenadoria de Projetos e Obras,Coordenadoria,SUB-CS,https://legislacao.prefeitura.sp.gov.br/leis/lei-13682-de-15-de-dezembro-de-2003
Lei nº 13.682/2003,"Art. 1º, IV e V",CS-STPO,Supervisão Técnica de Projetos e Obras,Supervisão,CS-CPO,https://legislacao.prefeitura.sp.gov.br/leis/lei-13682-de-15-de-dezembro-de-2003
Lei nº 13.682/2003,"Art. 1º, IV e V",CS-STLP,Supervisão Técnica de Limpeza Pública,Supervisão,CS-CPO,https://legislacao.prefeitura.sp.gov.br/leis/lei-13682-de-15-de-dezembro-de-2003
Lei nº 13.682/2003,"Art. 1º, IV e V",CS-STM,Supervisão Técnica de Manutenção,Supervisão,CS-CPO,https://legislacao.prefeitura.sp.gov.br/leis/lei-13682-de-15-de-dezembro-de-2003
Decreto nº 57.588/2017,Art. 1º,CS-CGL,Coordenadoria de Governo Local,Coordenadoria,SUB-CS,https://legislacao.prefeitura.sp.gov.br/leis/decreto-57588-de-10-de-fevereiro-de-2017
Decreto nº 57.588/2017,Art. 2º,CS-HABI,Supervisão de Habitação,Supervisão,CS-CGL,https://legislacao.prefeitura.sp.gov.br/leis/decreto-57588-de-10-de-fevereiro-de-2017
Decreto nº 57.588/2017,Art. 2º,CS-SC,Supervisão de Cultura,Supervisão,CS-CGL,https://legislacao.prefeitura.sp.gov.br/leis/decreto-57588-de-10-de-fevereiro-de-2017
Decreto nº 57.588/2017,Art. 2º,CS-SEL,Supervisão de Esportes e Lazer,Supervisão,CS-CGL,https://legislacao.prefeitura.sp.gov.br/leis/decreto-57588-de-10-de-fevereiro-de-2017
Lei nº 13.682/2003,"Art. 1º, I",CT-GAB,Gabinete do Subprefeito,Gabinete,SUB-CT,https://legislacao.prefeitura.sp.gov.br/leis/lei-13682-de-15-de-dezembro-de-2003
Lei nº 13.682/2003,"Art. 1º, I",CT-AJ,Assessoria Jurídica,Assessoria,CT-GAB,https://legislacao.prefeitura.sp.gov.br/leis/lei-13682-de-15-de-dezembro-de-2003
Lei nº 13.682/2003,"Art. 1º, I",CT-AC,Assessoria Executiva de Comunicação,Assessoria,CT-GAB,https://legislacao.prefeitura.sp.gov.br/leis/lei-13682-de-15-de-dezembro-de-2003
Lei nº 13.682/2003,"Art. 1º, I",CT-AT,Assessoria Técnica,Assessoria,CT-GAB,https://legislacao.prefeitura.sp.gov.br/leis/lei-13682-de-15-de-dezembro-de-2003
Lei nº 13.682/2003,"Art. 1º, I",CT-PAT,Praça de Atendimento ao Público,Unidade,CT-GAB,https://legislacao.prefeitura.sp.gov.br/leis/lei-13682-de-15-de-dezembro-de-2003
Lei nº 13.682/2003,"Art. 1º, VIII",CT-CAF,Coordenadoria de Administração e Finanças,Coordenadoria,SUB-CT,https://legislacao.prefeitura.sp.gov.br/leis/lei-13682-de-15-de-dezembro-de-2003
Lei nº 13.682/2003,"Art. 1º, VIII",CT-SAS,Supervisão de Administração e Suprimentos,Supervisão,CT-CAF,https://legislacao.prefeitura.sp.gov.br/leis/lei-13682-de-15-de-dezembro-de-2003
Lei nº 13.682/2003,"Art. 1º, VIII",CT-SF,Supervisão de Finanças,Supervisão,CT-CAF,https://legislacao.prefeitura.sp.gov.br/leis/lei-13682-de-15-de-dezembro-de-2003
Lei nº 13.682/2003,"Art. 1º, VIII",CT-SUGESP,Supervisão de Gestão de Pessoas,Supervisão,CT-CAF,https://legislacao.prefeitura.sp.gov.br/leis/lei-13682-de-15-de-dezembro-de-2003
Sem base legal formal — núcleo administrativo,,CT-AJTI,Núcleo de Informática,Núcleo (informal),CT-CAF,https://prefeitura.sp.gov.br/web/vila_prudente/w/acesso_a_informacao/50094
Lei nº 13.682/2003,"Art. 1º, III",CT-CPDU,Coordenadoria de Planejamento e Desenvolvimento Urbano,Coordenadoria,SUB-CT,https://legislacao.prefeitura.sp.gov.br/leis/lei-13682-de-15-de-dezembro-de-2003
Lei nº 13.682/2003,"Art. 1º, III",CT-STUSL,Supervisão Técnica de Uso do Solo e Licenciamentos,Supervisão,CT-CPDU,https://legislacao.prefeitura.sp.gov.br/leis/lei-13682-de-15-de-dezembro-de-2003
Lei nº 13.682/2003,"Art. 1º, III",CT-STPU,Supervisão Técnica de Planejamento Urbano,Supervisão,CT-CPDU,https://legislacao.prefeitura.sp.gov.br/leis/lei-13682-de-15-de-dezembro-de-2003
Lei nº 13.682/2003,"Art. 1º, III",CT-STF,Supervisão Técnica de Fiscalização,Supervisão,CT-CPDU,https://legislacao.prefeitura.sp.gov.br/leis/lei-13682-de-15-de-dezembro-de-2003
Lei nº 13.682/2003,"Art. 1º, IV e V",CT-CPO,Coordenadoria de Projetos e Obras,Coordenadoria,SUB-CT,https://legislacao.prefeitura.sp.gov.br/leis/lei-13682-de-15-de-dezembro-de-2003
Lei nº 13.682/2003,"Art. 1º, IV e V",CT-STPO,Supervisão Técnica de Projetos e Obras,Supervisão,CT-CPO,https://legislacao.prefeitura.sp.gov.br/leis/lei-13682-de-15-de-dezembro-de-2003
Lei nº 13.682/2003,"Art. 1º, IV e V",CT-STLP,Supervisão Técnica de Limpeza Pública,Supervisão,CT-CPO,https://legislacao.prefeitura.sp.gov.br/leis/lei-13682-de-15-de-dezembro-de-2003
Lei nº 13.682/2003,"Art. 1º, IV e V",CT-STM,Supervisão Técnica de Manutenção,Supervisão,CT-CPO,https://legislacao.prefeitura.sp.gov.br/leis/lei-13682-de-15-de-dezembro-de-2003
Decreto nº 57.588/2017,Art. 1º,CT-CGL,Coordenadoria de Governo Local,Coordenadoria,SUB-CT,https://legislacao.prefeitura.sp.gov.br/leis/decreto-57588-de-10-de-fevereiro-de-2017
Decreto nº 57.588/2017,Art. 2º,CT-HABI,Supervisão de Habitação,Supervisão,CT-CGL,https://legislacao.prefeitura.sp.gov.br/leis/decreto-57588-de-10-de-fevereiro-de-2017
Decreto nº 57.588/2017,Art. 2º,CT-SC,Supervisão de Cultura,Supervisão,CT-CGL,https://legislacao.prefeitura.sp.gov.br/leis/decreto-57588-de-10-de-fevereiro-de-2017
Decreto nº 57.588/2017,Art. 2º,CT-SEL,Supervisão de Esportes e Lazer,Supervisão,CT-CGL,https://legislacao.prefeitura.sp.gov.br/leis/decreto-57588-de-10-de-fevereiro-de-2017
Lei nº 13.682/2003,"Art. 1º, I",CV-GAB,Gabinete do Subprefeito,Gabinete,SUB-CV,https://legislacao.prefeitura.sp.gov.br/leis/lei-13682-de-15-de-dezembro-de-2003
Lei nº 13.682/2003,"Art. 1º, I",CV-AJ,Assessoria Jurídica,Assessoria,CV-GAB,https://legislacao.prefeitura.sp.gov.br/leis/lei-13682-de-15-de-dezembro-de-2003
Lei nº 13.682/2003,"Art. 1º, I",CV-AC,Assessoria Executiva de Comunicação,Assessoria,CV-GAB,https://legislacao.prefeitura.sp.gov.br/leis/lei-13682-de-15-de-dezembro-de-2003
Lei nº 13.682/2003,"Art. 1º, I",CV-AT,Assessoria Técnica,Assessoria,CV-GAB,https://legislacao.prefeitura.sp.gov.br/leis/lei-13682-de-15-de-dezembro-de-2003
Lei nº 13.682/2003,"Art. 1º, I",CV-PAT,Praça de Atendimento ao Público,Unidade,CV-GAB,https://legislacao.prefeitura.sp.gov.br/leis/lei-13682-de-15-de-dezembro-de-2003
Lei nº 13.682/2003,"Art. 1º, VIII",CV-CAF,Coordenadoria de Administração e Finanças,Coordenadoria,SUB-CV,https://legislacao.prefeitura.sp.gov.br/leis/lei-13682-de-15-de-dezembro-de-2003
Lei nº 13.682/2003,"Art. 1º, VIII",CV-SAS,Supervisão de Administração e Suprimentos,Supervisão,CV-CAF,https://legislacao.prefeitura.sp.gov.br/leis/lei-13682-de-15-de-dezembro-de-2003
Lei nº 13.682/2003,"Art. 1º, VIII",CV-SF,Supervisão de Finanças,Supervisão,CV-CAF,https://legislacao.prefeitura.sp.gov.br/leis/lei-13682-de-15-de-dezembro-de-2003
Lei nº 13.682/2003,"Art. 1º, VIII",CV-SUGESP,Supervisão de Gestão de Pessoas,Supervisão,CV-CAF,https://legislacao.prefeitura.sp.gov.br/leis/lei-13682-de-15-de-dezembro-de-2003
Sem base legal formal — núcleo administrativo,,CV-AJTI,Núcleo de Informática,Núcleo (informal),CV-CAF,https://prefeitura.sp.gov.br/web/vila_prudente/w/acesso_a_informacao/50094
Lei nº 13.682/2003,"Art. 1º, III",CV-CPDU,Coordenadoria de Planejamento e Desenvolvimento Urbano,Coordenadoria,SUB-CV,https://legislacao.prefeitura.sp.gov.br/leis/lei-13682-de-15-de-dezembro-de-2003
Lei nº 13.682/2003,"Art. 1º, III",CV-STUSL,Supervisão Técnica de Uso do Solo e Licenciamentos,Supervisão,CV-CPDU,https://legislacao.prefeitura.sp.gov.br/leis/lei-13682-de-15-de-dezembro-de-2003
Lei nº 13.682/2003,"Art. 1º, III",CV-STPU,Supervisão Técnica de Planejamento Urbano,Supervisão,CV-CPDU,https://legislacao.prefeitura.sp.gov.br/leis/lei-13682-de-15-de-dezembro-de-2003
Lei nº 13.682/2003,"Art. 1º, III",CV-STF,Supervisão Técnica de Fiscalização,Supervisão,CV-CPDU,https://legislacao.prefeitura.sp.gov.br/leis/lei-13682-de-15-de-dezembro-de-2003
Lei nº 13.682/2003,"Art. 1º, IV e V",CV-CPO,Coordenadoria de Projetos e Obras,Coordenadoria,SUB-CV,https://legislacao.prefeitura.sp.gov.br/leis/lei-13682-de-15-de-dezembro-de-2003
Lei nº 13.682/2003,"Art. 1º, IV e V",CV-STPO,Supervisão Técnica de Projetos e Obras,Supervisão,CV-CPO,https://legislacao.prefeitura.sp.gov.br/leis/lei-13682-de-15-de-dezembro-de-2003
Lei nº 13.682/2003,"Art. 1º, IV e V",CV-STLP,Supervisão Técnica de Limpeza Pública,Supervisão,CV-CPO,https://legislacao.prefeitura.sp.gov.br/leis/lei-13682-de-15-de-dezembro-de-2003
Lei nº 13.682/2003,"Art. 1º, IV e V",CV-STM,Supervisão Técnica de Manutenção,Supervisão,CV-CPO,https://legislacao.prefeitura.sp.gov.br/leis/lei-13682-de-15-de-dezembro-de-2003
Decreto nº 57.588/2017,Art. 1º,CV-CGL,Coordenadoria de Governo Local,Coordenadoria,SUB-CV,https://legislacao.prefeitura.sp.gov.br/leis/decreto-57588-de-10-de-fevereiro-de-2017
Decreto nº 57.588/2017,Art. 2º,CV-HABI,Supervisão de Habitação,Supervisão,CV-CGL,https://legislacao.prefeitura.sp.gov.br/leis/decreto-57588-de-10-de-fevereiro-de-2017
Decreto nº 57.588/2017,Art. 2º,CV-SC,Supervisão de Cultura,Supervisão,CV-CGL,https://legislacao.prefeitura.sp.gov.br/leis/decreto-57588-de-10-de-fevereiro-de-2017
Decreto nº 57.588/2017,Art. 2º,CV-SEL,Supervisão de Esportes e Lazer,Supervisão,CV-CGL,https://legislacao.prefeitura.sp.gov.br/leis/decreto-57588-de-10-de-fevereiro-de-2017
Lei nº 13.682/2003,"Art. 1º, I",EM-GAB,Gabinete do Subprefeito,Gabinete,SUB-EM,https://legislacao.prefeitura.sp.gov.br/leis/lei-13682-de-15-de-dezembro-de-2003
Lei nº 13.682/2003,"Art. 1º, I",EM-AJ,Assessoria Jurídica,Assessoria,EM-GAB,https://legislacao.prefeitura.sp.gov.br/leis/lei-13682-de-15-de-dezembro-de-2003
Lei nº 13.682/2003,"Art. 1º, I",EM-AC,Assessoria Executiva de Comunicação,Assessoria,EM-GAB,https://legislacao.prefeitura.sp.gov.br/leis/lei-13682-de-15-de-dezembro-de-2003
Lei nº 13.682/2003,"Art. 1º, I",EM-AT,Assessoria Técnica,Assessoria,EM-GAB,https://legislacao.prefeitura.sp.gov.br/leis/lei-13682-de-15-de-dezembro-de-2003
Lei nº 13.682/2003,"Art. 1º, I",EM-PAT,Praça de Atendimento ao Público,Unidade,EM-GAB,https://legislacao.prefeitura.sp.gov.br/leis/lei-13682-de-15-de-dezembro-de-2003
Lei nº 13.682/2003,"Art. 1º, VIII",EM-CAF,Coordenadoria de Administração e Finanças,Coordenadoria,SUB-EM,https://legislacao.prefeitura.sp.gov.br/leis/lei-13682-de-15-de-dezembro-de-2003
Lei nº 13.682/2003,"Art. 1º, VIII",EM-SAS,Supervisão de Administração e Suprimentos,Supervisão,EM-CAF,https://legislacao.prefeitura.sp.gov.br/leis/lei-13682-de-15-de-dezembro-de-2003
Lei nº 13.682/2003,"Art. 1º, VIII",EM-SF,Supervisão de Finanças,Supervisão,EM-CAF,https://legislacao.prefeitura.sp.gov.br/leis/lei-13682-de-15-de-dezembro-de-2003
Lei nº 13.682/2003,"Art. 1º, VIII",EM-SUGESP,Supervisão de Gestão de Pessoas,Supervisão,EM-CAF,https://legislacao.prefeitura.sp.gov.br/leis/lei-13682-de-15-de-dezembro-de-2003
Sem base legal formal — núcleo administrativo,,EM-AJTI,Núcleo de Informática,Núcleo (informal),EM-CAF,https://prefeitura.sp.gov.br/web/vila_prudente/w/acesso_a_informacao/50094
Lei nº 13.682/2003,"Art. 1º, III",EM-CPDU,Coordenadoria de Planejamento e Desenvolvimento Urbano,Coordenadoria,SUB-EM,https://legislacao.prefeitura.sp.gov.br/leis/lei-13682-de-15-de-dezembro-de-2003
Lei nº 13.682/2003,"Art. 1º, III",EM-STUSL,Supervisão Técnica de Uso do Solo e Licenciamentos,Supervisão,EM-CPDU,https://legislacao.prefeitura.sp.gov.br/leis/lei-13682-de-15-de-dezembro-de-2003
Lei nº 13.682/2003,"Art. 1º, III",EM-STPU,Supervisão Técnica de Planejamento Urbano,Supervisão,EM-CPDU,https://legislacao.prefeitura.sp.gov.br/leis/lei-13682-de-15-de-dezembro-de-2003
Lei nº 13.682/2003,"Art. 1º, III",EM-STF,Supervisão Técnica de Fiscalização,Supervisão,EM-CPDU,https://legislacao.prefeitura.sp.gov.br/leis/lei-13682-de-15-de-dezembro-de-2003
Lei nº 13.682/2003,"Art. 1º, IV e V",EM-CPO,Coordenadoria de Projetos e Obras,Coordenadoria,SUB-EM,https://legislacao.prefeitura.sp.gov.br/leis/lei-13682-de-15-de-dezembro-de-2003
Lei nº 13.682/2003,"Art. 1º, IV e V",EM-STPO,Supervisão Técnica de Projetos e Obras,Supervisão,EM-CPO,https://legislacao.prefeitura.sp.gov.br/leis/lei-13682-de-15-de-dezembro-de-2003
Lei nº 13.682/2003,"Art. 1º, IV e V",EM-STLP,Supervisão Técnica de Limpeza Pública,Supervisão,EM-CPO,https://legislacao.prefeitura.sp.gov.br/leis/lei-13682-de-15-de-dezembro-de-2003
Lei nº 13.682/2003,"Art. 1º, IV e V",EM-STM,Supervisão Técnica de Manutenção,Supervisão,EM-CPO,https://legislacao.prefeitura.sp.gov.br/leis/lei-13682-de-15-de-dezembro-de-2003
Decreto nº 57.588/2017,Art. 1º,EM-CGL,Coordenadoria de Governo Local,Coordenadoria,SUB-EM,https://legislacao.prefeitura.sp.gov.br/leis/decreto-57588-de-10-de-fevereiro-de-2017
Decreto nº 57.588/2017,Art. 2º,EM-HABI,Supervisão de Habitação,Supervisão,EM-CGL,https://legislacao.prefeitura.sp.gov.br/leis/decreto-57588-de-10-de-fevereiro-de-2017
Decreto nº 57.588/2017,Art. 2º,EM-SC,Supervisão de Cultura,Supervisão,EM-CGL,https://legislacao.prefeitura.sp.gov.br/leis/decreto-57588-de-10-de-fevereiro-de-2017
Decreto nº 57.588/2017,Art. 2º,EM-SEL,Supervisão de Esportes e Lazer,Supervisão,EM-CGL,https://legislacao.prefeitura.sp.gov.br/leis/decreto-57588-de-10-de-fevereiro-de-2017
Lei nº 13.682/2003,"Art. 1º, I",FB-GAB,Gabinete do Subprefeito,Gabinete,SUB-FB,https://legislacao.prefeitura.sp.gov.br/leis/lei-13682-de-15-de-dezembro-de-2003
Lei nº 13.682/2003,"Art. 1º, I",FB-AJ,Assessoria Jurídica,Assessoria,FB-GAB,https://legislacao.prefeitura.sp.gov.br/leis/lei-13682-de-15-de-dezembro-de-2003
Lei nº 13.682/2003,"Art. 1º, I",FB-AC,Assessoria Executiva de Comunicação,Assessoria,FB-GAB,https://legislacao.prefeitura.sp.gov.br/leis/lei-13682-de-15-de-dezembro-de-2003
Lei nº 13.682/2003,"Art. 1º, I",FB-AT,Assessoria Técnica,Assessoria,FB-GAB,https://legislacao.prefeitura.sp.gov.br/leis/lei-13682-de-15-de-dezembro-de-2003
Lei nº 13.682/2003,"Art. 1º, I",FB-PAT,Praça de Atendimento ao Público,Unidade,FB-GAB,https://legislacao.prefeitura.sp.gov.br/leis/lei-13682-de-15-de-dezembro-de-2003
Lei nº 13.682/2003,"Art. 1º, VIII",FB-CAF,Coordenadoria de Administração e Finanças,Coordenadoria,SUB-FB,https://legislacao.prefeitura.sp.gov.br/leis/lei-13682-de-15-de-dezembro-de-2003
Lei nº 13.682/2003,"Art. 1º, VIII",FB-SAS,Supervisão de Administração e Suprimentos,Supervisão,FB-CAF,https://legislacao.prefeitura.sp.gov.br/leis/lei-13682-de-15-de-dezembro-de-2003
Lei nº 13.682/2003,"Art. 1º, VIII",FB-SF,Supervisão de Finanças,Supervisão,FB-CAF,https://legislacao.prefeitura.sp.gov.br/leis/lei-13682-de-15-de-dezembro-de-2003
Lei nº 13.682/2003,"Art. 1º, VIII",FB-SUGESP,Supervisão de Gestão de Pessoas,Supervisão,FB-CAF,https://legislacao.prefeitura.sp.gov.br/leis/lei-13682-de-15-de-dezembro-de-2003
Sem base legal formal — núcleo administrativo,,FB-AJTI,Núcleo de Informática,Núcleo (informal),FB-CAF,https://prefeitura.sp.gov.br/web/vila_prudente/w/acesso_a_informacao/50094
Lei nº 13.682/2003,"Art. 1º, III",FB-CPDU,Coordenadoria de Planejamento e Desenvolvimento Urbano,Coordenadoria,SUB-FB,https://legislacao.prefeitura.sp.gov.br/leis/lei-13682-de-15-de-dezembro-de-2003
Lei nº 13.682/2003,"Art. 1º, III",FB-STUSL,Supervisão Técnica de Uso do Solo e Licenciamentos,Supervisão,FB-CPDU,https://legislacao.prefeitura.sp.gov.br/leis/lei-13682-de-15-de-dezembro-de-2003
Lei nº 13.682/2003,"Art. 1º, III",FB-STPU,Supervisão Técnica de Planejamento Urbano,Supervisão,FB-CPDU,https://legislacao.prefeitura.sp.gov.br/leis/lei-13682-de-15-de-dezembro-de-2003
Lei nº 13.682/2003,"Art. 1º, III",FB-STF,Supervisão Técnica de Fiscalização,Supervisão,FB-CPDU,https://legislacao.prefeitura.sp.gov.br/leis/lei-13682-de-15-de-dezembro-de-2003
Lei nº 13.682/2003,"Art. 1º, IV e V",FB-CPO,Coordenadoria de Projetos e Obras,Coordenadoria,SUB-FB,https://legislacao.prefeitura.sp.gov.br/leis/lei-13682-de-15-de-dezembro-de-2003
Lei nº 13.682/2003,"Art. 1º, IV e V",FB-STPO,Supervisão Técnica de Projetos e Obras,Supervisão,FB-CPO,https://legislacao.prefeitura.sp.gov.br/leis/lei-13682-de-15-de-dezembro-de-2003
Lei nº 13.682/2003,"Art. 1º, IV e V",FB-STLP,Supervisão Técnica de Limpeza Pública,Supervisão,FB-CPO,https://legislacao.prefeitura.sp.gov.br/leis/lei-13682-de-15-de-dezembro-de-2003
Lei nº 13.682/2003,"Art. 1º, IV e V",FB-STM,Supervisão Técnica de Manutenção,Supervisão,FB-CPO,https://legislacao.prefeitura.sp.gov.br/leis/lei-13682-de-15-de-dezembro-de-2003
Decreto nº 57.588/2017,Art. 1º,FB-CGL,Coordenadoria de Governo Local,Coordenadoria,SUB-FB,https://legislacao.prefeitura.sp.gov.br/leis/decreto-57588-de-10-de-fevereiro-de-2017
Decreto nº 57.588/2017,Art. 2º,FB-HABI,Supervisão de Habitação,Supervisão,FB-CGL,https://legislacao.prefeitura.sp.gov.br/leis/decreto-57588-de-10-de-fevereiro-de-2017
Decreto nº 57.588/2017,Art. 2º,FB-SC,Supervisão de Cultura,Supervisão,FB-CGL,https://legislacao.prefeitura.sp.gov.br/leis/decreto-57588-de-10-de-fevereiro-de-2017
Decreto nº 57.588/2017,Art. 2º,FB-SEL,Supervisão de Esportes e Lazer,Supervisão,FB-CGL,https://legislacao.prefeitura.sp.gov.br/leis/decreto-57588-de-10-de-fevereiro-de-2017
Lei nº 13.682/2003,"Art. 1º, I",G-GAB,Gabinete do Subprefeito,Gabinete,SUB-G,https://legislacao.prefeitura.sp.gov.br/leis/lei-13682-de-15-de-dezembro-de-2003
Lei nº 13.682/2003,"Art. 1º, I",G-AJ,Assessoria Jurídica,Assessoria,G-GAB,https://legislacao.prefeitura.sp.gov.br/leis/lei-13682-de-15-de-dezembro-de-2003
Lei nº 13.682/2003,"Art. 1º, I",G-AC,Assessoria Executiva de Comunicação,Assessoria,G-GAB,https://legislacao.prefeitura.sp.gov.br/leis/lei-13682-de-15-de-dezembro-de-2003
Lei nº 13.682/2003,"Art. 1º, I",G-AT,Assessoria Técnica,Assessoria,G-GAB,https://legislacao.prefeitura.sp.gov.br/leis/lei-13682-de-15-de-dezembro-de-2003
Lei nº 13.682/2003,"Art. 1º, I",G-PAT,Praça de Atendimento ao Público,Unidade,G-GAB,https://legislacao.prefeitura.sp.gov.br/leis/lei-13682-de-15-de-dezembro-de-2003
Lei nº 13.682/2003,"Art. 1º, VIII",G-CAF,Coordenadoria de Administração e Finanças,Coordenadoria,SUB-G,https://legislacao.prefeitura.sp.gov.br/leis/lei-13682-de-15-de-dezembro-de-2003
Lei nº 13.682/2003,"Art. 1º, VIII",G-SAS,Supervisão de Administração e Suprimentos,Supervisão,G-CAF,https://legislacao.prefeitura.sp.gov.br/leis/lei-13682-de-15-de-dezembro-de-2003
Lei nº 13.682/2003,"Art. 1º, VIII",G-SF,Supervisão de Finanças,Supervisão,G-CAF,https://legislacao.prefeitura.sp.gov.br/leis/lei-13682-de-15-de-dezembro-de-2003
Lei nº 13.682/2003,"Art. 1º, VIII",G-SUGESP,Supervisão de Gestão de Pessoas,Supervisão,G-CAF,https://legislacao.prefeitura.sp.gov.br/leis/lei-13682-de-15-de-dezembro-de-2003
Sem base legal formal — núcleo administrativo,,G-AJTI,Núcleo de Informática,Núcleo (informal),G-CAF,https://prefeitura.sp.gov.br/web/vila_prudente/w/acesso_a_informacao/50094
Lei nº 13.682/2003,"Art. 1º, III",G-CPDU,Coordenadoria de Planejamento e Desenvolvimento Urbano,Coordenadoria,SUB-G,https://legislacao.prefeitura.sp.gov.br/leis/lei-13682-de-15-de-dezembro-de-2003
Lei nº 13.682/2003,"Art. 1º, III",G-STUSL,Supervisão Técnica de Uso do Solo e Licenciamentos,Supervisão,G-CPDU,https://legislacao.prefeitura.sp.gov.br/leis/lei-13682-de-15-de-dezembro-de-2003
Lei nº 13.682/2003,"Art. 1º, III",G-STPU,Supervisão Técnica de Planejamento Urbano,Supervisão,G-CPDU,https://legislacao.prefeitura.sp.gov.br/leis/lei-13682-de-15-de-dezembro-de-2003
Lei nº 13.682/2003,"Art. 1º, III",G-STF,Supervisão Técnica de Fiscalização,Supervisão,G-CPDU,https://legislacao.prefeitura.sp.gov.br/leis/lei-13682-de-15-de-dezembro-de-2003
Lei nº 13.682/2003,"Art. 1º, IV e V",G-CPO,Coordenadoria de Projetos e Obras,Coordenadoria,SUB-G,https://legislacao.prefeitura.sp.gov.br/leis/lei-13682-de-15-de-dezembro-de-2003
Lei nº 13.682/2003,"Art. 1º, IV e V",G-STPO,Supervisão Técnica de Projetos e Obras,Supervisão,G-CPO,https://legislacao.prefeitura.sp.gov.br/leis/lei-13682-de-15-de-dezembro-de-2003
Lei nº 13.682/2003,"Art. 1º, IV e V",G-STLP,Supervisão Técnica de Limpeza Pública,Supervisão,G-CPO,https://legislacao.prefeitura.sp.gov.br/leis/lei-13682-de-15-de-dezembro-de-2003
Lei nº 13.682/2003,"Art. 1º, IV e V",G-STM,Supervisão Técnica de Manutenção,Supervisão,G-CPO,https://legislacao.prefeitura.sp.gov.br/leis/lei-13682-de-15-de-dezembro-de-2003
Decreto nº 57.588/2017,Art. 1º,G-CGL,Coordenadoria de Governo Local,Coordenadoria,SUB-G,https://legislacao.prefeitura.sp.gov.br/leis/decreto-57588-de-10-de-fevereiro-de-2017
Decreto nº 57.588/2017,Art. 2º,G-HABI,Supervisão de Habitação,Supervisão,G-CGL,https://legislacao.prefeitura.sp.gov.br/leis/decreto-57588-de-10-de-fevereiro-de-2017
Decreto nº 57.588/2017,Art. 2º,G-SC,Supervisão de Cultura,Supervisão,G-CGL,https://legislacao.prefeitura.sp.gov.br/leis/decreto-57588-de-10-de-fevereiro-de-2017
Decreto nº 57.588/2017,Art. 2º,G-SEL,Supervisão de Esportes e Lazer,Supervisão,G-CGL,https://legislacao.prefeitura.sp.gov.br/leis/decreto-57588-de-10-de-fevereiro-de-2017
Lei nº 13.682/2003,"Art. 1º, I",IP-GAB,Gabinete do Subprefeito,Gabinete,SUB-IP,https://legislacao.prefeitura.sp.gov.br/leis/lei-13682-de-15-de-dezembro-de-2003
Lei nº 13.682/2003,"Art. 1º, I",IP-AJ,Assessoria Jurídica,Assessoria,IP-GAB,https://legislacao.prefeitura.sp.gov.br/leis/lei-13682-de-15-de-dezembro-de-2003
Lei nº 13.682/2003,"Art. 1º, I",IP-AC,Assessoria Executiva de Comunicação,Assessoria,IP-GAB,https://legislacao.prefeitura.sp.gov.br/leis/lei-13682-de-15-de-dezembro-de-2003
Lei nº 13.682/2003,"Art. 1º, I",IP-AT,Assessoria Técnica,Assessoria,IP-GAB,https://legislacao.prefeitura.sp.gov.br/leis/lei-13682-de-15-de-dezembro-de-2003
Lei nº 13.682/2003,"Art. 1º, I",IP-PAT,Praça de Atendimento ao Público,Unidade,IP-GAB,https://legislacao.prefeitura.sp.gov.br/leis/lei-13682-de-15-de-dezembro-de-2003
Lei nº 13.682/2003,"Art. 1º, VIII",IP-CAF,Coordenadoria de Administração e Finanças,Coordenadoria,SUB-IP,https://legislacao.prefeitura.sp.gov.br/leis/lei-13682-de-15-de-dezembro-de-2003
Lei nº 13.682/2003,"Art. 1º, VIII",IP-SAS,Supervisão de Administração e Suprimentos,Supervisão,IP-CAF,https://legislacao.prefeitura.sp.gov.br/leis/lei-13682-de-15-de-dezembro-de-2003
Lei nº 13.682/2003,"Art. 1º, VIII",IP-SF,Supervisão de Finanças,Supervisão,IP-CAF,https://legislacao.prefeitura.sp.gov.br/leis/lei-13682-de-15-de-dezembro-de-2003
Lei nº 13.682/2003,"Art. 1º, VIII",IP-SUGESP,Supervisão de Gestão de Pessoas,Supervisão,IP-CAF,https://legislacao.prefeitura.sp.gov.br/leis/lei-13682-de-15-de-dezembro-de-2003
Sem base legal formal — núcleo administrativo,,IP-AJTI,Núcleo de Informática,Núcleo (informal),IP-CAF,https://prefeitura.sp.gov.br/web/vila_prudente/w/acesso_a_informacao/50094
Lei nº 13.682/2003,"Art. 1º, III",IP-CPDU,Coordenadoria de Planejamento e Desenvolvimento Urbano,Coordenadoria,SUB-IP,https://legislacao.prefeitura.sp.gov.br/leis/lei-13682-de-15-de-dezembro-de-2003
Lei nº 13.682/2003,"Art. 1º, III",IP-STUSL,Supervisão Técnica de Uso do Solo e Licenciamentos,Supervisão,IP-CPDU,https://legislacao.prefeitura.sp.gov.br/leis/lei-13682-de-15-de-dezembro-de-2003
Lei nº 13.682/2003,"Art. 1º, III",IP-STPU,Supervisão Técnica de Planejamento Urbano,Supervisão,IP-CPDU,https://legislacao.prefeitura.sp.gov.br/leis/lei-13682-de-15-de-dezembro-de-2003
Lei nº 13.682/2003,"Art. 1º, III",IP-STF,Supervisão Técnica de Fiscalização,Supervisão,IP-CPDU,https://legislacao.prefeitura.sp.gov.br/leis/lei-13682-de-15-de-dezembro-de-2003
Lei nº 13.682/2003,"Art. 1º, IV e V",IP-CPO,Coordenadoria de Projetos e Obras,Coordenadoria,SUB-IP,https://legislacao.prefeitura.sp.gov.br/leis/lei-13682-de-15-de-dezembro-de-2003
Lei nº 13.682/2003,"Art. 1º, IV e V",IP-STPO,Supervisão Técnica de Projetos e Obras,Supervisão,IP-CPO,https://legislacao.prefeitura.sp.gov.br/leis/lei-13682-de-15-de-dezembro-de-2003
Lei nº 13.682/2003,"Art. 1º, IV e V",IP-STLP,Supervisão Técnica de Limpeza Pública,Supervisão,IP-CPO,https://legislacao.prefeitura.sp.gov.br/leis/lei-13682-de-15-de-dezembro-de-2003
Lei nº 13.682/2003,"Art. 1º, IV e V",IP-STM,Supervisão Técnica de Manutenção,Supervisão,IP-CPO,https://legislacao.prefeitura.sp.gov.br/leis/lei-13682-de-15-de-dezembro-de-2003
Decreto nº 57.588/2017,Art. 1º,IP-CGL,Coordenadoria de Governo Local,Coordenadoria,SUB-IP,https://legislacao.prefeitura.sp.gov.br/leis/decreto-57588-de-10-de-fevereiro-de-2017
Decreto nº 57.588/2017,Art. 2º,IP-HABI,Supervisão de Habitação,Supervisão,IP-CGL,https://legislacao.prefeitura.sp.gov.br/leis/decreto-57588-de-10-de-fevereiro-de-2017
Decreto nº 57.588/2017,Art. 2º,IP-SC,Supervisão de Cultura,Supervisão,IP-CGL,https://legislacao.prefeitura.sp.gov.br/leis/decreto-57588-de-10-de-fevereiro-de-2017
Decreto nº 57.588/2017,Art. 2º,IP-SEL,Supervisão de Esportes e Lazer,Supervisão,IP-CGL,https://legislacao.prefeitura.sp.gov.br/leis/decreto-57588-de-10-de-fevereiro-de-2017
Lei nº 13.682/2003,"Art. 1º, I",IQ-GAB,Gabinete do Subprefeito,Gabinete,SUB-IQ,https://legislacao.prefeitura.sp.gov.br/leis/lei-13682-de-15-de-dezembro-de-2003
Lei nº 13.682/2003,"Art. 1º, I",IQ-AJ,Assessoria Jurídica,Assessoria,IQ-GAB,https://legislacao.prefeitura.sp.gov.br/leis/lei-13682-de-15-de-dezembro-de-2003
Lei nº 13.682/2003,"Art. 1º, I",IQ-AC,Assessoria Executiva de Comunicação,Assessoria,IQ-GAB,https://legislacao.prefeitura.sp.gov.br/leis/lei-13682-de-15-de-dezembro-de-2003
Lei nº 13.682/2003,"Art. 1º, I",IQ-AT,Assessoria Técnica,Assessoria,IQ-GAB,https://legislacao.prefeitura.sp.gov.br/leis/lei-13682-de-15-de-dezembro-de-2003
Lei nº 13.682/2003,"Art. 1º, I",IQ-PAT,Praça de Atendimento ao Público,Unidade,IQ-GAB,https://legislacao.prefeitura.sp.gov.br/leis/lei-13682-de-15-de-dezembro-de-2003
Lei nº 13.682/2003,"Art. 1º, VIII",IQ-CAF,Coordenadoria de Administração e Finanças,Coordenadoria,SUB-IQ,https://legislacao.prefeitura.sp.gov.br/leis/lei-13682-de-15-de-dezembro-de-2003
Lei nº 13.682/2003,"Art. 1º, VIII",IQ-SAS,Supervisão de Administração e Suprimentos,Supervisão,IQ-CAF,https://legislacao.prefeitura.sp.gov.br/leis/lei-13682-de-15-de-dezembro-de-2003
Lei nº 13.682/2003,"Art. 1º, VIII",IQ-SF,Supervisão de Finanças,Supervisão,IQ-CAF,https://legislacao.prefeitura.sp.gov.br/leis/lei-13682-de-15-de-dezembro-de-2003
Lei nº 13.682/2003,"Art. 1º, VIII",IQ-SUGESP,Supervisão de Gestão de Pessoas,Supervisão,IQ-CAF,https://legislacao.prefeitura.sp.gov.br/leis/lei-13682-de-15-de-dezembro-de-2003
Sem base legal formal — núcleo administrativo,,IQ-AJTI,Núcleo de Informática,Núcleo (informal),IQ-CAF,https://prefeitura.sp.gov.br/web/vila_prudente/w/acesso_a_informacao/50094
Lei nº 13.682/2003,"Art. 1º, III",IQ-CPDU,Coordenadoria de Planejamento e Desenvolvimento Urbano,Coordenadoria,SUB-IQ,https://legislacao.prefeitura.sp.gov.br/leis/lei-13682-de-15-de-dezembro-de-2003
Lei nº 13.682/2003,"Art. 1º, III",IQ-STUSL,Supervisão Técnica de Uso do Solo e Licenciamentos,Supervisão,IQ-CPDU,https://legislacao.prefeitura.sp.gov.br/leis/lei-13682-de-15-de-dezembro-de-2003
Lei nº 13.682/2003,"Art. 1º, III",IQ-STPU,Supervisão Técnica de Planejamento Urbano,Supervisão,IQ-CPDU,https://legislacao.prefeitura.sp.gov.br/leis/lei-13682-de-15-de-dezembro-de-2003
Lei nº 13.682/2003,"Art. 1º, III",IQ-STF,Supervisão Técnica de Fiscalização,Supervisão,IQ-CPDU,https://legislacao.prefeitura.sp.gov.br/leis/lei-13682-de-15-de-dezembro-de-2003
Lei nº 13.682/2003,"Art. 1º, IV e V",IQ-CPO,Coordenadoria de Projetos e Obras,Coordenadoria,SUB-IQ,https://legislacao.prefeitura.sp.gov.br/leis/lei-13682-de-15-de-dezembro-de-2003
Lei nº 13.682/2003,"Art. 1º, IV e V",IQ-STPO,Supervisão Técnica de Projetos e Obras,Supervisão,IQ-CPO,https://legislacao.prefeitura.sp.gov.br/leis/lei-13682-de-15-de-dezembro-de-2003
Lei nº 13.682/2003,"Art. 1º, IV e V",IQ-STLP,Supervisão Técnica de Limpeza Pública,Supervisão,IQ-CPO,https://legislacao.prefeitura.sp.gov.br/leis/lei-13682-de-15-de-dezembro-de-2003
Lei nº 13.682/2003,"Art. 1º, IV e V",IQ-STM,Supervisão Técnica de Manutenção,Supervisão,IQ-CPO,https://legislacao.prefeitura.sp.gov.br/leis/lei-13682-de-15-de-dezembro-de-2003
Decreto nº 57.588/2017,Art. 1º,IQ-CGL,Coordenadoria de Governo Local,Coordenadoria,SUB-IQ,https://legislacao.prefeitura.sp.gov.br/leis/decreto-57588-de-10-de-fevereiro-de-2017
Decreto nº 57.588/2017,Art. 2º,IQ-HABI,Supervisão de Habitação,Supervisão,IQ-CGL,https://legislacao.prefeitura.sp.gov.br/leis/decreto-57588-de-10-de-fevereiro-de-2017
Decreto nº 57.588/2017,Art. 2º,IQ-SC,Supervisão de Cultura,Supervisão,IQ-CGL,https://legislacao.prefeitura.sp.gov.br/leis/decreto-57588-de-10-de-fevereiro-de-2017
Decreto nº 57.588/2017,Art. 2º,IQ-SEL,Supervisão de Esportes e Lazer,Supervisão,IQ-CGL,https://legislacao.prefeitura.sp.gov.br/leis/decreto-57588-de-10-de-fevereiro-de-2017
Lei nº 13.682/2003,"Art. 1º, I",IT-GAB,Gabinete do Subprefeito,Gabinete,SUB-IT,https://legislacao.prefeitura.sp.gov.br/leis/lei-13682-de-15-de-dezembro-de-2003
Lei nº 13.682/2003,"Art. 1º, I",IT-AJ,Assessoria Jurídica,Assessoria,IT-GAB,https://legislacao.prefeitura.sp.gov.br/leis/lei-13682-de-15-de-dezembro-de-2003
Lei nº 13.682/2003,"Art. 1º, I",IT-AC,Assessoria Executiva de Comunicação,Assessoria,IT-GAB,https://legislacao.prefeitura.sp.gov.br/leis/lei-13682-de-15-de-dezembro-de-2003
Lei nº 13.682/2003,"Art. 1º, I",IT-AT,Assessoria Técnica,Assessoria,IT-GAB,https://legislacao.prefeitura.sp.gov.br/leis/lei-13682-de-15-de-dezembro-de-2003
Lei nº 13.682/2003,"Art. 1º, I",IT-PAT,Praça de Atendimento ao Público,Unidade,IT-GAB,https://legislacao.prefeitura.sp.gov.br/leis/lei-13682-de-15-de-dezembro-de-2003
Lei nº 13.682/2003,"Art. 1º, VIII",IT-CAF,Coordenadoria de Administração e Finanças,Coordenadoria,SUB-IT,https://legislacao.prefeitura.sp.gov.br/leis/lei-13682-de-15-de-dezembro-de-2003
Lei nº 13.682/2003,"Art. 1º, VIII",IT-SAS,Supervisão de Administração e Suprimentos,Supervisão,IT-CAF,https://legislacao.prefeitura.sp.gov.br/leis/lei-13682-de-15-de-dezembro-de-2003
Lei nº 13.682/2003,"Art. 1º, VIII",IT-SF,Supervisão de Finanças,Supervisão,IT-CAF,https://legislacao.prefeitura.sp.gov.br/leis/lei-13682-de-15-de-dezembro-de-2003
Lei nº 13.682/2003,"Art. 1º, VIII",IT-SUGESP,Supervisão de Gestão de Pessoas,Supervisão,IT-CAF,https://legislacao.prefeitura.sp.gov.br/leis/lei-13682-de-15-de-dezembro-de-2003
Sem base legal formal — núcleo administrativo,,IT-AJTI,Núcleo de Informática,Núcleo (informal),IT-CAF,https://prefeitura.sp.gov.br/web/vila_prudente/w/acesso_a_informacao/50094
Lei nº 13.682/2003,"Art. 1º, III",IT-CPDU,Coordenadoria de Planejamento e Desenvolvimento Urbano,Coordenadoria,SUB-IT,https://legislacao.prefeitura.sp.gov.br/leis/lei-13682-de-15-de-dezembro-de-2003
Lei nº 13.682/2003,"Art. 1º, III",IT-STUSL,Supervisão Técnica de Uso do Solo e Licenciamentos,Supervisão,IT-CPDU,https://legislacao.prefeitura.sp.gov.br/leis/lei-13682-de-15-de-dezembro-de-2003
Lei nº 13.682/2003,"Art. 1º, III",IT-STPU,Supervisão Técnica de Planejamento Urbano,Supervisão,IT-CPDU,https://legislacao.prefeitura.sp.gov.br/leis/lei-13682-de-15-de-dezembro-de-2003
Lei nº 13.682/2003,"Art. 1º, III",IT-STF,Supervisão Técnica de Fiscalização,Supervisão,IT-CPDU,https://legislacao.prefeitura.sp.gov.br/leis/lei-13682-de-15-de-dezembro-de-2003
Lei nº 13.682/2003,"Art. 1º, IV e V",IT-CPO,Coordenadoria de Projetos e Obras,Coordenadoria,SUB-IT,https://legislacao.prefeitura.sp.gov.br/leis/lei-13682-de-15-de-dezembro-de-2003
Lei nº 13.682/2003,"Art. 1º, IV e V",IT-STPO,Supervisão Técnica de Projetos e Obras,Supervisão,IT-CPO,https://legislacao.prefeitura.sp.gov.br/leis/lei-13682-de-15-de-dezembro-de-2003
Lei nº 13.682/2003,"Art. 1º, IV e V",IT-STLP,Supervisão Técnica de Limpeza Pública,Supervisão,IT-CPO,https://legislacao.prefeitura.sp.gov.br/leis/lei-13682-de-15-de-dezembro-de-2003
Lei nº 13.682/2003,"Art. 1º, IV e V",IT-STM,Supervisão Técnica de Manutenção,Supervisão,IT-CPO,https://legislacao.prefeitura.sp.gov.br/leis/lei-13682-de-15-de-dezembro-de-2003
Decreto nº 57.588/2017,Art. 1º,IT-CGL,Coordenadoria de Governo Local,Coordenadoria,SUB-IT,https://legislacao.prefeitura.sp.gov.br/leis/decreto-57588-de-10-de-fevereiro-de-2017
Decreto nº 57.588/2017,Art. 2º,IT-HABI,Supervisão de Habitação,Supervisão,IT-CGL,https://legislacao.prefeitura.sp.gov.br/leis/decreto-57588-de-10-de-fevereiro-de-2017
Decreto nº 57.588/2017,Art. 2º,IT-SC,Supervisão de Cultura,Supervisão,IT-CGL,https://legislacao.prefeitura.sp.gov.br/leis/decreto-57588-de-10-de-fevereiro-de-2017
Decreto nº 57.588/2017,Art. 2º,IT-SEL,Supervisão de Esportes e Lazer,Supervisão,IT-CGL,https://legislacao.prefeitura.sp.gov.br/leis/decreto-57588-de-10-de-fevereiro-de-2017
Lei nº 13.682/2003,"Art. 1º, I",JA-GAB,Gabinete do Subprefeito,Gabinete,SUB-JA,https://legislacao.prefeitura.sp.gov.br/leis/lei-13682-de-15-de-dezembro-de-2003
Lei nº 13.682/2003,"Art. 1º, I",JA-AJ,Assessoria Jurídica,Assessoria,JA-GAB,https://legislacao.prefeitura.sp.gov.br/leis/lei-13682-de-15-de-dezembro-de-2003
Lei nº 13.682/2003,"Art. 1º, I",JA-AC,Assessoria Executiva de Comunicação,Assessoria,JA-GAB,https://legislacao.prefeitura.sp.gov.br/leis/lei-13682-de-15-de-dezembro-de-2003
Lei nº 13.682/2003,"Art. 1º, I",JA-AT,Assessoria Técnica,Assessoria,JA-GAB,https://legislacao.prefeitura.sp.gov.br/leis/lei-13682-de-15-de-dezembro-de-2003
Lei nº 13.682/2003,"Art. 1º, I",JA-PAT,Praça de Atendimento ao Público,Unidade,JA-GAB,https://legislacao.prefeitura.sp.gov.br/leis/lei-13682-de-15-de-dezembro-de-2003
Lei nº 13.682/2003,"Art. 1º, VIII",JA-CAF,Coordenadoria de Administração e Finanças,Coordenadoria,SUB-JA,https://legislacao.prefeitura.sp.gov.br/leis/lei-13682-de-15-de-dezembro-de-2003
Lei nº 13.682/2003,"Art. 1º, VIII",JA-SAS,Supervisão de Administração e Suprimentos,Supervisão,JA-CAF,https://legislacao.prefeitura.sp.gov.br/leis/lei-13682-de-15-de-dezembro-de-2003
Lei nº 13.682/2003,"Art. 1º, VIII",JA-SF,Supervisão de Finanças,Supervisão,JA-CAF,https://legislacao.prefeitura.sp.gov.br/leis/lei-13682-de-15-de-dezembro-de-2003
Lei nº 13.682/2003,"Art. 1º, VIII",JA-SUGESP,Supervisão de Gestão de Pessoas,Supervisão,JA-CAF,https://legislacao.prefeitura.sp.gov.br/leis/lei-13682-de-15-de-dezembro-de-2003
Sem base legal formal — núcleo administrativo,,JA-AJTI,Núcleo de Informática,Núcleo (informal),JA-CAF,https://prefeitura.sp.gov.br/web/vila_prudente/w/acesso_a_informacao/50094
Lei nº 13.682/2003,"Art. 1º, III",JA-CPDU,Coordenadoria de Planejamento e Desenvolvimento Urbano,Coordenadoria,SUB-JA,https://legislacao.prefeitura.sp.gov.br/leis/lei-13682-de-15-de-dezembro-de-2003
Lei nº 13.682/2003,"Art. 1º, III",JA-STUSL,Supervisão Técnica de Uso do Solo e Licenciamentos,Supervisão,JA-CPDU,https://legislacao.prefeitura.sp.gov.br/leis/lei-13682-de-15-de-dezembro-de-2003
Lei nº 13.682/2003,"Art. 1º, III",JA-STPU,Supervisão Técnica de Planejamento Urbano,Supervisão,JA-CPDU,https://legislacao.prefeitura.sp.gov.br/leis/lei-13682-de-15-de-dezembro-de-2003
Lei nº 13.682/2003,"Art. 1º, III",JA-STF,Supervisão Técnica de Fiscalização,Supervisão,JA-CPDU,https://legislacao.prefeitura.sp.gov.br/leis/lei-13682-de-15-de-dezembro-de-2003
Lei nº 13.682/2003,"Art. 1º, IV e V",JA-CPO,Coordenadoria de Projetos e Obras,Coordenadoria,SUB-JA,https://legislacao.prefeitura.sp.gov.br/leis/lei-13682-de-15-de-dezembro-de-2003
Lei nº 13.682/2003,"Art. 1º, IV e V",JA-STPO,Supervisão Técnica de Projetos e Obras,Supervisão,JA-CPO,https://legislacao.prefeitura.sp.gov.br/leis/lei-13682-de-15-de-dezembro-de-2003
Lei nº 13.682/2003,"Art. 1º, IV e V",JA-STLP,Supervisão Técnica de Limpeza Pública,Supervisão,JA-CPO,https://legislacao.prefeitura.sp.gov.br/leis/lei-13682-de-15-de-dezembro-de-2003
Lei nº 13.682/2003,"Art. 1º, IV e V",JA-STM,Supervisão Técnica de Manutenção,Supervisão,JA-CPO,https://legislacao.prefeitura.sp.gov.br/leis/lei-13682-de-15-de-dezembro-de-2003
Decreto nº 57.588/2017,Art. 1º,JA-CGL,Coordenadoria de Governo Local,Coordenadoria,SUB-JA,https://legislacao.prefeitura.sp.gov.br/leis/decreto-57588-de-10-de-fevereiro-de-2017
Decreto nº 57.588/2017,Art. 2º,JA-HABI,Supervisão de Habitação,Supervisão,JA-CGL,https://legislacao.prefeitura.sp.gov.br/leis/decreto-57588-de-10-de-fevereiro-de-2017
Decreto nº 57.588/2017,Art. 2º,JA-SC,Supervisão de Cultura,Supervisão,JA-CGL,https://legislacao.prefeitura.sp.gov.br/leis/decreto-57588-de-10-de-fevereiro-de-2017
Decreto nº 57.588/2017,Art. 2º,JA-SEL,Supervisão de Esportes e Lazer,Supervisão,JA-CGL,https://legislacao.prefeitura.sp.gov.br/leis/decreto-57588-de-10-de-fevereiro-de-2017
Lei nº 13.682/2003,"Art. 1º, I",JT-GAB,Gabinete do Subprefeito,Gabinete,SUB-JT,https://legislacao.prefeitura.sp.gov.br/leis/lei-13682-de-15-de-dezembro-de-2003
Lei nº 13.682/2003,"Art. 1º, I",JT-AJ,Assessoria Jurídica,Assessoria,JT-GAB,https://legislacao.prefeitura.sp.gov.br/leis/lei-13682-de-15-de-dezembro-de-2003
Lei nº 13.682/2003,"Art. 1º, I",JT-AC,Assessoria Executiva de Comunicação,Assessoria,JT-GAB,https://legislacao.prefeitura.sp.gov.br/leis/lei-13682-de-15-de-dezembro-de-2003
Lei nº 13.682/2003,"Art. 1º, I",JT-AT,Assessoria Técnica,Assessoria,JT-GAB,https://legislacao.prefeitura.sp.gov.br/leis/lei-13682-de-15-de-dezembro-de-2003
Lei nº 13.682/2003,"Art. 1º, I",JT-PAT,Praça de Atendimento ao Público,Unidade,JT-GAB,https://legislacao.prefeitura.sp.gov.br/leis/lei-13682-de-15-de-dezembro-de-2003
Lei nº 13.682/2003,"Art. 1º, VIII",JT-CAF,Coordenadoria de Administração e Finanças,Coordenadoria,SUB-JT,https://legislacao.prefeitura.sp.gov.br/leis/lei-13682-de-15-de-dezembro-de-2003
Lei nº 13.682/2003,"Art. 1º, VIII",JT-SAS,Supervisão de Administração e Suprimentos,Supervisão,JT-CAF,https://legislacao.prefeitura.sp.gov.br/leis/lei-13682-de-15-de-dezembro-de-2003
Lei nº 13.682/2003,"Art. 1º, VIII",JT-SF,Supervisão de Finanças,Supervisão,JT-CAF,https://legislacao.prefeitura.sp.gov.br/leis/lei-13682-de-15-de-dezembro-de-2003
Lei nº 13.682/2003,"Art. 1º, VIII",JT-SUGESP,Supervisão de Gestão de Pessoas,Supervisão,JT-CAF,https://legislacao.prefeitura.sp.gov.br/leis/lei-13682-de-15-de-dezembro-de-2003
Sem base legal formal — núcleo administrativo,,JT-AJTI,Núcleo de Informática,Núcleo (informal),JT-CAF,https://prefeitura.sp.gov.br/web/vila_prudente/w/acesso_a_informacao/50094
Lei nº 13.682/2003,"Art. 1º, III",JT-CPDU,Coordenadoria de Planejamento e Desenvolvimento Urbano,Coordenadoria,SUB-JT,https://legislacao.prefeitura.sp.gov.br/leis/lei-13682-de-15-de-dezembro-de-2003
Lei nº 13.682/2003,"Art. 1º, III",JT-STUSL,Supervisão Técnica de Uso do Solo e Licenciamentos,Supervisão,JT-CPDU,https://legislacao.prefeitura.sp.gov.br/leis/lei-13682-de-15-de-dezembro-de-2003
Lei nº 13.682/2003,"Art. 1º, III",JT-STPU,Supervisão Técnica de Planejamento Urbano,Supervisão,JT-CPDU,https://legislacao.prefeitura.sp.gov.br/leis/lei-13682-de-15-de-dezembro-de-2003
Lei nº 13.682/2003,"Art. 1º, III",JT-STF,Supervisão Técnica de Fiscalização,Supervisão,JT-CPDU,https://legislacao.prefeitura.sp.gov.br/leis/lei-13682-de-15-de-dezembro-de-2003
Lei nº 13.682/2003,"Art. 1º, IV e V",JT-CPO,Coordenadoria de Projetos e Obras,Coordenadoria,SUB-JT,https://legislacao.prefeitura.sp.gov.br/leis/lei-13682-de-15-de-dezembro-de-2003
Lei nº 13.682/2003,"Art. 1º, IV e V",JT-STPO,Supervisão Técnica de Projetos e Obras,Supervisão,JT-CPO,https://legislacao.prefeitura.sp.gov.br/leis/lei-13682-de-15-de-dezembro-de-2003
Lei nº 13.682/2003,"Art. 1º, IV e V",JT-STLP,Supervisão Técnica de Limpeza Pública,Supervisão,JT-CPO,https://legislacao.prefeitura.sp.gov.br/leis/lei-13682-de-15-de-dezembro-de-2003
Lei nº 13.682/2003,"Art. 1º, IV e V",JT-STM,Supervisão Técnica de Manutenção,Supervisão,JT-CPO,https://legislacao.prefeitura.sp.gov.br/leis/lei-13682-de-15-de-dezembro-de-2003
Decreto nº 57.588/2017,Art. 1º,JT-CGL,Coordenadoria de Governo Local,Coordenadoria,SUB-JT,https://legislacao.prefeitura.sp.gov.br/leis/decreto-57588-de-10-de-fevereiro-de-2017
Decreto nº 57.588/2017,Art. 2º,JT-HABI,Supervisão de Habitação,Supervisão,JT-CGL,https://legislacao.prefeitura.sp.gov.br/leis/decreto-57588-de-10-de-fevereiro-de-2017
Decreto nº 57.588/2017,Art. 2º,JT-SC,Supervisão de Cultura,Supervisão,JT-CGL,https://legislacao.prefeitura.sp.gov.br/leis/decreto-57588-de-10-de-fevereiro-de-2017
Decreto nº 57.588/2017,Art. 2º,JT-SEL,Supervisão de Esportes e Lazer,Supervisão,JT-CGL,https://legislacao.prefeitura.sp.gov.br/leis/decreto-57588-de-10-de-fevereiro-de-2017
Lei nº 13.682/2003,"Art. 1º, I",LA-GAB,Gabinete do Subprefeito,Gabinete,SUB-LA,https://legislacao.prefeitura.sp.gov.br/leis/lei-13682-de-15-de-dezembro-de-2003
Lei nº 13.682/2003,"Art. 1º, I",LA-AJ,Assessoria Jurídica,Assessoria,LA-GAB,https://legislacao.prefeitura.sp.gov.br/leis/lei-13682-de-15-de-dezembro-de-2003
Lei nº 13.682/2003,"Art. 1º, I",LA-AC,Assessoria Executiva de Comunicação,Assessoria,LA-GAB,https://legislacao.prefeitura.sp.gov.br/leis/lei-13682-de-15-de-dezembro-de-2003
Lei nº 13.682/2003,"Art. 1º, I",LA-AT,Assessoria Técnica,Assessoria,LA-GAB,https://legislacao.prefeitura.sp.gov.br/leis/lei-13682-de-15-de-dezembro-de-2003
Lei nº 13.682/2003,"Art. 1º, I",LA-PAT,Praça de Atendimento ao Público,Unidade,LA-GAB,https://legislacao.prefeitura.sp.gov.br/leis/lei-13682-de-15-de-dezembro-de-2003
Lei nº 13.682/2003,"Art. 1º, VIII",LA-CAF,Coordenadoria de Administração e Finanças,Coordenadoria,SUB-LA,https://legislacao.prefeitura.sp.gov.br/leis/lei-13682-de-15-de-dezembro-de-2003
Lei nº 13.682/2003,"Art. 1º, VIII",LA-SAS,Supervisão de Administração e Suprimentos,Supervisão,LA-CAF,https://legislacao.prefeitura.sp.gov.br/leis/lei-13682-de-15-de-dezembro-de-2003
Lei nº 13.682/2003,"Art. 1º, VIII",LA-SF,Supervisão de Finanças,Supervisão,LA-CAF,https://legislacao.prefeitura.sp.gov.br/leis/lei-13682-de-15-de-dezembro-de-2003
Lei nº 13.682/2003,"Art. 1º, VIII",LA-SUGESP,Supervisão de Gestão de Pessoas,Supervisão,LA-CAF,https://legislacao.prefeitura.sp.gov.br/leis/lei-13682-de-15-de-dezembro-de-2003
Sem base legal formal — núcleo administrativo,,LA-AJTI,Núcleo de Informática,Núcleo (informal),LA-CAF,https://prefeitura.sp.gov.br/web/vila_prudente/w/acesso_a_informacao/50094
Lei nº 13.682/2003,"Art. 1º, III",LA-CPDU,Coordenadoria de Planejamento e Desenvolvimento Urbano,Coordenadoria,SUB-LA,https://legislacao.prefeitura.sp.gov.br/leis/lei-13682-de-15-de-dezembro-de-2003
Lei nº 13.682/2003,"Art. 1º, III",LA-STUSL,Supervisão Técnica de Uso do Solo e Licenciamentos,Supervisão,LA-CPDU,https://legislacao.prefeitura.sp.gov.br/leis/lei-13682-de-15-de-dezembro-de-2003
Lei nº 13.682/2003,"Art. 1º, III",LA-STPU,Supervisão Técnica de Planejamento Urbano,Supervisão,LA-CPDU,https://legislacao.prefeitura.sp.gov.br/leis/lei-13682-de-15-de-dezembro-de-2003
Lei nº 13.682/2003,"Art. 1º, III",LA-STF,Supervisão Técnica de Fiscalização,Supervisão,LA-CPDU,https://legislacao.prefeitura.sp.gov.br/leis/lei-13682-de-15-de-dezembro-de-2003
Lei nº 13.682/2003,"Art. 1º, IV e V",LA-CPO,Coordenadoria de Projetos e Obras,Coordenadoria,SUB-LA,https://legislacao.prefeitura.sp.gov.br/leis/lei-13682-de-15-de-dezembro-de-2003
Lei nº 13.682/2003,"Art. 1º, IV e V",LA-STPO,Supervisão Técnica de Projetos e Obras,Supervisão,LA-CPO,https://legislacao.prefeitura.sp.gov.br/leis/lei-13682-de-15-de-dezembro-de-2003
Lei nº 13.682/2003,"Art. 1º, IV e V",LA-STLP,Supervisão Técnica de Limpeza Pública,Supervisão,LA-CPO,https://legislacao.prefeitura.sp.gov.br/leis/lei-13682-de-15-de-dezembro-de-2003
Lei nº 13.682/2003,"Art. 1º, IV e V",LA-STM,Supervisão Técnica de Manutenção,Supervisão,LA-CPO,https://legislacao.prefeitura.sp.gov.br/leis/lei-13682-de-15-de-dezembro-de-2003
Decreto nº 57.588/2017,Art. 1º,LA-CGL,Coordenadoria de Governo Local,Coordenadoria,SUB-LA,https://legislacao.prefeitura.sp.gov.br/leis/decreto-57588-de-10-de-fevereiro-de-2017
Decreto nº 57.588/2017,Art. 2º,LA-HABI,Supervisão de Habitação,Supervisão,LA-CGL,https://legislacao.prefeitura.sp.gov.br/leis/decreto-57588-de-10-de-fevereiro-de-2017
Decreto nº 57.588/2017,Art. 2º,LA-SC,Supervisão de Cultura,Supervisão,LA-CGL,https://legislacao.prefeitura.sp.gov.br/leis/decreto-57588-de-10-de-fevereiro-de-2017
Decreto nº 57.588/2017,Art. 2º,LA-SEL,Supervisão de Esportes e Lazer,Supervisão,LA-CGL,https://legislacao.prefeitura.sp.gov.br/leis/decreto-57588-de-10-de-fevereiro-de-2017
Lei nº 13.682/2003,"Art. 1º, I",MB-GAB,Gabinete do Subprefeito,Gabinete,SUB-MB,https://legislacao.prefeitura.sp.gov.br/leis/lei-13682-de-15-de-dezembro-de-2003
Lei nº 13.682/2003,"Art. 1º, I",MB-AJ,Assessoria Jurídica,Assessoria,MB-GAB,https://legislacao.prefeitura.sp.gov.br/leis/lei-13682-de-15-de-dezembro-de-2003
Lei nº 13.682/2003,"Art. 1º, I",MB-AC,Assessoria Executiva de Comunicação,Assessoria,MB-GAB,https://legislacao.prefeitura.sp.gov.br/leis/lei-13682-de-15-de-dezembro-de-2003
Lei nº 13.682/2003,"Art. 1º, I",MB-AT,Assessoria Técnica,Assessoria,MB-GAB,https://legislacao.prefeitura.sp.gov.br/leis/lei-13682-de-15-de-dezembro-de-2003
Lei nº 13.682/2003,"Art. 1º, I",MB-PAT,Praça de Atendimento ao Público,Unidade,MB-GAB,https://legislacao.prefeitura.sp.gov.br/leis/lei-13682-de-15-de-dezembro-de-2003
Lei nº 13.682/2003,"Art. 1º, VIII",MB-CAF,Coordenadoria de Administração e Finanças,Coordenadoria,SUB-MB,https://legislacao.prefeitura.sp.gov.br/leis/lei-13682-de-15-de-dezembro-de-2003
Lei nº 13.682/2003,"Art. 1º, VIII",MB-SAS,Supervisão de Administração e Suprimentos,Supervisão,MB-CAF,https://legislacao.prefeitura.sp.gov.br/leis/lei-13682-de-15-de-dezembro-de-2003
Lei nº 13.682/2003,"Art. 1º, VIII",MB-SF,Supervisão de Finanças,Supervisão,MB-CAF,https://legislacao.prefeitura.sp.gov.br/leis/lei-13682-de-15-de-dezembro-de-2003
Lei nº 13.682/2003,"Art. 1º, VIII",MB-SUGESP,Supervisão de Gestão de Pessoas,Supervisão,MB-CAF,https://legislacao.prefeitura.sp.gov.br/leis/lei-13682-de-15-de-dezembro-de-2003
Sem base legal formal — núcleo administrativo,,MB-AJTI,Núcleo de Informática,Núcleo (informal),MB-CAF,https://prefeitura.sp.gov.br/web/vila_prudente/w/acesso_a_informacao/50094
Lei nº 13.682/2003,"Art. 1º, III",MB-CPDU,Coordenadoria de Planejamento e Desenvolvimento Urbano,Coordenadoria,SUB-MB,https://legislacao.prefeitura.sp.gov.br/leis/lei-13682-de-15-de-dezembro-de-2003
Lei nº 13.682/2003,"Art. 1º, III",MB-STUSL,Supervisão Técnica de Uso do Solo e Licenciamentos,Supervisão,MB-CPDU,https://legislacao.prefeitura.sp.gov.br/leis/lei-13682-de-15-de-dezembro-de-2003
Lei nº 13.682/2003,"Art. 1º, III",MB-STPU,Supervisão Técnica de Planejamento Urbano,Supervisão,MB-CPDU,https://legislacao.prefeitura.sp.gov.br/leis/lei-13682-de-15-de-dezembro-de-2003
Lei nº 13.682/2003,"Art. 1º, III",MB-STF,Supervisão Técnica de Fiscalização,Supervisão,MB-CPDU,https://legislacao.prefeitura.sp.gov.br/leis/lei-13682-de-15-de-dezembro-de-2003
Lei nº 13.682/2003,"Art. 1º, IV e V",MB-CPO,Coordenadoria de Projetos e Obras,Coordenadoria,SUB-MB,https://legislacao.prefeitura.sp.gov.br/leis/lei-13682-de-15-de-dezembro-de-2003
Lei nº 13.682/2003,"Art. 1º, IV e V",MB-STPO,Supervisão Técnica de Projetos e Obras,Supervisão,MB-CPO,https://legislacao.prefeitura.sp.gov.br/leis/lei-13682-de-15-de-dezembro-de-2003
Lei nº 13.682/2003,"Art. 1º, IV e V",MB-STLP,Supervisão Técnica de Limpeza Pública,Supervisão,MB-CPO,https://legislacao.prefeitura.sp.gov.br/leis/lei-13682-de-15-de-dezembro-de-2003
Lei nº 13.682/2003,"Art. 1º, IV e V",MB-STM,Supervisão Técnica de Manutenção,Supervisão,MB-CPO,https://legislacao.prefeitura.sp.gov.br/leis/lei-13682-de-15-de-dezembro-de-2003
Decreto nº 57.588/2017,Art. 1º,MB-CGL,Coordenadoria de Governo Local,Coordenadoria,SUB-MB,https://legislacao.prefeitura.sp.gov.br/leis/decreto-57588-de-10-de-fevereiro-de-2017
Decreto nº 57.588/2017,Art. 2º,MB-HABI,Supervisão de Habitação,Supervisão,MB-CGL,https://legislacao.prefeitura.sp.gov.br/leis/decreto-57588-de-10-de-fevereiro-de-2017
Decreto nº 57.588/2017,Art. 2º,MB-SC,Supervisão de Cultura,Supervisão,MB-CGL,https://legislacao.prefeitura.sp.gov.br/leis/decreto-57588-de-10-de-fevereiro-de-2017
Decreto nº 57.588/2017,Art. 2º,MB-SEL,Supervisão de Esportes e Lazer,Supervisão,MB-CGL,https://legislacao.prefeitura.sp.gov.br/leis/decreto-57588-de-10-de-fevereiro-de-2017
Lei nº 13.682/2003,"Art. 1º, I",MG-GAB,Gabinete do Subprefeito,Gabinete,SUB-MG,https://legislacao.prefeitura.sp.gov.br/leis/lei-13682-de-15-de-dezembro-de-2003
Lei nº 13.682/2003,"Art. 1º, I",MG-AJ,Assessoria Jurídica,Assessoria,MG-GAB,https://legislacao.prefeitura.sp.gov.br/leis/lei-13682-de-15-de-dezembro-de-2003
Lei nº 13.682/2003,"Art. 1º, I",MG-AC,Assessoria Executiva de Comunicação,Assessoria,MG-GAB,https://legislacao.prefeitura.sp.gov.br/leis/lei-13682-de-15-de-dezembro-de-2003
Lei nº 13.682/2003,"Art. 1º, I",MG-AT,Assessoria Técnica,Assessoria,MG-GAB,https://legislacao.prefeitura.sp.gov.br/leis/lei-13682-de-15-de-dezembro-de-2003
Lei nº 13.682/2003,"Art. 1º, I",MG-PAT,Praça de Atendimento ao Público,Unidade,MG-GAB,https://legislacao.prefeitura.sp.gov.br/leis/lei-13682-de-15-de-dezembro-de-2003
Lei nº 13.682/2003,"Art. 1º, VIII",MG-CAF,Coordenadoria de Administração e Finanças,Coordenadoria,SUB-MG,https://legislacao.prefeitura.sp.gov.br/leis/lei-13682-de-15-de-dezembro-de-2003
Lei nº 13.682/2003,"Art. 1º, VIII",MG-SAS,Supervisão de Administração e Suprimentos,Supervisão,MG-CAF,https://legislacao.prefeitura.sp.gov.br/leis/lei-13682-de-15-de-dezembro-de-2003
Lei nº 13.682/2003,"Art. 1º, VIII",MG-SF,Supervisão de Finanças,Supervisão,MG-CAF,https://legislacao.prefeitura.sp.gov.br/leis/lei-13682-de-15-de-dezembro-de-2003
Lei nº 13.682/2003,"Art. 1º, VIII",MG-SUGESP,Supervisão de Gestão de Pessoas,Supervisão,MG-CAF,https://legislacao.prefeitura.sp.gov.br/leis/lei-13682-de-15-de-dezembro-de-2003
Sem base legal formal — núcleo administrativo,,MG-AJTI,Núcleo de Informática,Núcleo (informal),MG-CAF,https://prefeitura.sp.gov.br/web/vila_prudente/w/acesso_a_informacao/50094
Lei nº 13.682/2003,"Art. 1º, III",MG-CPDU,Coordenadoria de Planejamento e Desenvolvimento Urbano,Coordenadoria,SUB-MG,https://legislacao.prefeitura.sp.gov.br/leis/lei-13682-de-15-de-dezembro-de-2003
Lei nº 13.682/2003,"Art. 1º, III",MG-STUSL,Supervisão Técnica de Uso do Solo e Licenciamentos,Supervisão,MG-CPDU,https://legislacao.prefeitura.sp.gov.br/leis/lei-13682-de-15-de-dezembro-de-2003
Lei nº 13.682/2003,"Art. 1º, III",MG-STPU,Supervisão Técnica de Planejamento Urbano,Supervisão,MG-CPDU,https://legislacao.prefeitura.sp.gov.br/leis/lei-13682-de-15-de-dezembro-de-2003
Lei nº 13.682/2003,"Art. 1º, III",MG-STF,Supervisão Técnica de Fiscalização,Supervisão,MG-CPDU,https://legislacao.prefeitura.sp.gov.br/leis/lei-13682-de-15-de-dezembro-de-2003
Lei nº 13.682/2003,"Art. 1º, IV e V",MG-CPO,Coordenadoria de Projetos e Obras,Coordenadoria,SUB-MG,https://legislacao.prefeitura.sp.gov.br/leis/lei-13682-de-15-de-dezembro-de-2003
Lei nº 13.682/2003,"Art. 1º, IV e V",MG-STPO,Supervisão Técnica de Projetos e Obras,Supervisão,MG-CPO,https://legislacao.prefeitura.sp.gov.br/leis/lei-13682-de-15-de-dezembro-de-2003
Lei nº 13.682/2003,"Art. 1º, IV e V",MG-STLP,Supervisão Técnica de Limpeza Pública,Supervisão,MG-CPO,https://legislacao.prefeitura.sp.gov.br/leis/lei-13682-de-15-de-dezembro-de-2003
Lei nº 13.682/2003,"Art. 1º, IV e V",MG-STM,Supervisão Técnica de Manutenção,Supervisão,MG-CPO,https://legislacao.prefeitura.sp.gov.br/leis/lei-13682-de-15-de-dezembro-de-2003
Decreto nº 57.588/2017,Art. 1º,MG-CGL,Coordenadoria de Governo Local,Coordenadoria,SUB-MG,https://legislacao.prefeitura.sp.gov.br/leis/decreto-57588-de-10-de-fevereiro-de-2017
Decreto nº 57.588/2017,Art. 2º,MG-HABI,Supervisão de Habitação,Supervisão,MG-CGL,https://legislacao.prefeitura.sp.gov.br/leis/decreto-57588-de-10-de-fevereiro-de-2017
Decreto nº 57.588/2017,Art. 2º,MG-SC,Supervisão de Cultura,Supervisão,MG-CGL,https://legislacao.prefeitura.sp.gov.br/leis/decreto-57588-de-10-de-fevereiro-de-2017
Decreto nº 57.588/2017,Art. 2º,MG-SEL,Supervisão de Esportes e Lazer,Supervisão,MG-CGL,https://legislacao.prefeitura.sp.gov.br/leis/decreto-57588-de-10-de-fevereiro-de-2017
Lei nº 13.682/2003,"Art. 1º, I",MO-GAB,Gabinete do Subprefeito,Gabinete,SUB-MO,https://legislacao.prefeitura.sp.gov.br/leis/lei-13682-de-15-de-dezembro-de-2003
Lei nº 13.682/2003,"Art. 1º, I",MO-AJ,Assessoria Jurídica,Assessoria,MO-GAB,https://legislacao.prefeitura.sp.gov.br/leis/lei-13682-de-15-de-dezembro-de-2003
Lei nº 13.682/2003,"Art. 1º, I",MO-AC,Assessoria Executiva de Comunicação,Assessoria,MO-GAB,https://legislacao.prefeitura.sp.gov.br/leis/lei-13682-de-15-de-dezembro-de-2003
Lei nº 13.682/2003,"Art. 1º, I",MO-AT,Assessoria Técnica,Assessoria,MO-GAB,https://legislacao.prefeitura.sp.gov.br/leis/lei-13682-de-15-de-dezembro-de-2003
Lei nº 13.682/2003,"Art. 1º, I",MO-PAT,Praça de Atendimento ao Público,Unidade,MO-GAB,https://legislacao.prefeitura.sp.gov.br/leis/lei-13682-de-15-de-dezembro-de-2003
Lei nº 13.682/2003,"Art. 1º, VIII",MO-CAF,Coordenadoria de Administração e Finanças,Coordenadoria,SUB-MO,https://legislacao.prefeitura.sp.gov.br/leis/lei-13682-de-15-de-dezembro-de-2003
Lei nº 13.682/2003,"Art. 1º, VIII",MO-SAS,Supervisão de Administração e Suprimentos,Supervisão,MO-CAF,https://legislacao.prefeitura.sp.gov.br/leis/lei-13682-de-15-de-dezembro-de-2003
Lei nº 13.682/2003,"Art. 1º, VIII",MO-SF,Supervisão de Finanças,Supervisão,MO-CAF,https://legislacao.prefeitura.sp.gov.br/leis/lei-13682-de-15-de-dezembro-de-2003
Lei nº 13.682/2003,"Art. 1º, VIII",MO-SUGESP,Supervisão de Gestão de Pessoas,Supervisão,MO-CAF,https://legislacao.prefeitura.sp.gov.br/leis/lei-13682-de-15-de-dezembro-de-2003
Sem base legal formal — núcleo administrativo,,MO-AJTI,Núcleo de Informática,Núcleo (informal),MO-CAF,https://prefeitura.sp.gov.br/web/vila_prudente/w/acesso_a_informacao/50094
Lei nº 13.682/2003,"Art. 1º, III",MO-CPDU,Coordenadoria de Planejamento e Desenvolvimento Urbano,Coordenadoria,SUB-MO,https://legislacao.prefeitura.sp.gov.br/leis/lei-13682-de-15-de-dezembro-de-2003
Lei nº 13.682/2003,"Art. 1º, III",MO-STUSL,Supervisão Técnica de Uso do Solo e Licenciamentos,Supervisão,MO-CPDU,https://legislacao.prefeitura.sp.gov.br/leis/lei-13682-de-15-de-dezembro-de-2003
Lei nº 13.682/2003,"Art. 1º, III",MO-STPU,Supervisão Técnica de Planejamento Urbano,Supervisão,MO-CPDU,https://legislacao.prefeitura.sp.gov.br/leis/lei-13682-de-15-de-dezembro-de-2003
Lei nº 13.682/2003,"Art. 1º, III",MO-STF,Supervisão Técnica de Fiscalização,Supervisão,MO-CPDU,https://legislacao.prefeitura.sp.gov.br/leis/lei-13682-de-15-de-dezembro-de-2003
Lei nº 13.682/2003,"Art. 1º, IV e V",MO-CPO,Coordenadoria de Projetos e Obras,Coordenadoria,SUB-MO,https://legislacao.prefeitura.sp.gov.br/leis/lei-13682-de-15-de-dezembro-de-2003
Lei nº 13.682/2003,"Art. 1º, IV e V",MO-STPO,Supervisão Técnica de Projetos e Obras,Supervisão,MO-CPO,https://legislacao.prefeitura.sp.gov.br/leis/lei-13682-de-15-de-dezembro-de-2003
Lei nº 13.682/2003,"Art. 1º, IV e V",MO-STLP,Supervisão Técnica de Limpeza Pública,Supervisão,MO-CPO,https://legislacao.prefeitura.sp.gov.br/leis/lei-13682-de-15-de-dezembro-de-2003
Lei nº 13.682/2003,"Art. 1º, IV e V",MO-STM,Supervisão Técnica de Manutenção,Supervisão,MO-CPO,https://legislacao.prefeitura.sp.gov.br/leis/lei-13682-de-15-de-dezembro-de-2003
Decreto nº 57.588/2017,Art. 1º,MO-CGL,Coordenadoria de Governo Local,Coordenadoria,SUB-MO,https://legislacao.prefeitura.sp.gov.br/leis/decreto-57588-de-10-de-fevereiro-de-2017
Decreto nº 57.588/2017,Art. 2º,MO-HABI,Supervisão de Habitação,Supervisão,MO-CGL,https://legislacao.prefeitura.sp.gov.br/leis/decreto-57588-de-10-de-fevereiro-de-2017
Decreto nº 57.588/2017,Art. 2º,MO-SC,Supervisão de Cultura,Supervisão,MO-CGL,https://legislacao.prefeitura.sp.gov.br/leis/decreto-57588-de-10-de-fevereiro-de-2017
Decreto nº 57.588/2017,Art. 2º,MO-SEL,Supervisão de Esportes e Lazer,Supervisão,MO-CGL,https://legislacao.prefeitura.sp.gov.br/leis/decreto-57588-de-10-de-fevereiro-de-2017
Lei nº 13.682/2003,"Art. 1º, I",MP-GAB,Gabinete do Subprefeito,Gabinete,SUB-MP,https://legislacao.prefeitura.sp.gov.br/leis/lei-13682-de-15-de-dezembro-de-2003
Lei nº 13.682/2003,"Art. 1º, I",MP-AJ,Assessoria Jurídica,Assessoria,MP-GAB,https://legislacao.prefeitura.sp.gov.br/leis/lei-13682-de-15-de-dezembro-de-2003
Lei nº 13.682/2003,"Art. 1º, I",MP-AC,Assessoria Executiva de Comunicação,Assessoria,MP-GAB,https://legislacao.prefeitura.sp.gov.br/leis/lei-13682-de-15-de-dezembro-de-2003
Lei nº 13.682/2003,"Art. 1º, I",MP-AT,Assessoria Técnica,Assessoria,MP-GAB,https://legislacao.prefeitura.sp.gov.br/leis/lei-13682-de-15-de-dezembro-de-2003
Lei nº 13.682/2003,"Art. 1º, I",MP-PAT,Praça de Atendimento ao Público,Unidade,MP-GAB,https://legislacao.prefeitura.sp.gov.br/leis/lei-13682-de-15-de-dezembro-de-2003
Lei nº 13.682/2003,"Art. 1º, VIII",MP-CAF,Coordenadoria de Administração e Finanças,Coordenadoria,SUB-MP,https://legislacao.prefeitura.sp.gov.br/leis/lei-13682-de-15-de-dezembro-de-2003
Lei nº 13.682/2003,"Art. 1º, VIII",MP-SAS,Supervisão de Administração e Suprimentos,Supervisão,MP-CAF,https://legislacao.prefeitura.sp.gov.br/leis/lei-13682-de-15-de-dezembro-de-2003
Lei nº 13.682/2003,"Art. 1º, VIII",MP-SF,Supervisão de Finanças,Supervisão,MP-CAF,https://legislacao.prefeitura.sp.gov.br/leis/lei-13682-de-15-de-dezembro-de-2003
Lei nº 13.682/2003,"Art. 1º, VIII",MP-SUGESP,Supervisão de Gestão de Pessoas,Supervisão,MP-CAF,https://legislacao.prefeitura.sp.gov.br/leis/lei-13682-de-15-de-dezembro-de-2003
Sem base legal formal — núcleo administrativo,,MP-AJTI,Núcleo de Informática,Núcleo (informal),MP-CAF,https://prefeitura.sp.gov.br/web/vila_prudente/w/acesso_a_informacao/50094
Lei nº 13.682/2003,"Art. 1º, III",MP-CPDU,Coordenadoria de Planejamento e Desenvolvimento Urbano,Coordenadoria,SUB-MP,https://legislacao.prefeitura.sp.gov.br/leis/lei-13682-de-15-de-dezembro-de-2003
Lei nº 13.682/2003,"Art. 1º, III",MP-STUSL,Supervisão Técnica de Uso do Solo e Licenciamentos,Supervisão,MP-CPDU,https://legislacao.prefeitura.sp.gov.br/leis/lei-13682-de-15-de-dezembro-de-2003
Lei nº 13.682/2003,"Art. 1º, III",MP-STPU,Supervisão Técnica de Planejamento Urbano,Supervisão,MP-CPDU,https://legislacao.prefeitura.sp.gov.br/leis/lei-13682-de-15-de-dezembro-de-2003
Lei nº 13.682/2003,"Art. 1º, III",MP-STF,Supervisão Técnica de Fiscalização,Supervisão,MP-CPDU,https://legislacao.prefeitura.sp.gov.br/leis/lei-13682-de-15-de-dezembro-de-2003
Lei nº 13.682/2003,"Art. 1º, IV e V",MP-CPO,Coordenadoria de Projetos e Obras,Coordenadoria,SUB-MP,https://legislacao.prefeitura.sp.gov.br/leis/lei-13682-de-15-de-dezembro-de-2003
Lei nº 13.682/2003,"Art. 1º, IV e V",MP-STPO,Supervisão Técnica de Projetos e Obras,Supervisão,MP-CPO,https://legislacao.prefeitura.sp.gov.br/leis/lei-13682-de-15-de-dezembro-de-2003
Lei nº 13.682/2003,"Art. 1º, IV e V",MP-STLP,Supervisão Técnica de Limpeza Pública,Supervisão,MP-CPO,https://legislacao.prefeitura.sp.gov.br/leis/lei-13682-de-15-de-dezembro-de-2003
Lei nº 13.682/2003,"Art. 1º, IV e V",MP-STM,Supervisão Técnica de Manutenção,Supervisão,MP-CPO,https://legislacao.prefeitura.sp.gov.br/leis/lei-13682-de-15-de-dezembro-de-2003
Decreto nº 57.588/2017,Art. 1º,MP-CGL,Coordenadoria de Governo Local,Coordenadoria,SUB-MP,https://legislacao.prefeitura.sp.gov.br/leis/decreto-57588-de-10-de-fevereiro-de-2017
Decreto nº 57.588/2017,Art. 2º,MP-HABI,Supervisão de Habitação,Supervisão,MP-CGL,https://legislacao.prefeitura.sp.gov.br/leis/decreto-57588-de-10-de-fevereiro-de-2017
Decreto nº 57.588/2017,Art. 2º,MP-SC,Supervisão de Cultura,Supervisão,MP-CGL,https://legislacao.prefeitura.sp.gov.br/leis/decreto-57588-de-10-de-fevereiro-de-2017
Decreto nº 57.588/2017,Art. 2º,MP-SEL,Supervisão de Esportes e Lazer,Supervisão,MP-CGL,https://legislacao.prefeitura.sp.gov.br/leis/decreto-57588-de-10-de-fevereiro-de-2017
Lei nº 13.682/2003,"Art. 1º, I",PA-GAB,Gabinete do Subprefeito,Gabinete,SUB-PA,https://legislacao.prefeitura.sp.gov.br/leis/lei-13682-de-15-de-dezembro-de-2003
Lei nº 13.682/2003,"Art. 1º, I",PA-AJ,Assessoria Jurídica,Assessoria,PA-GAB,https://legislacao.prefeitura.sp.gov.br/leis/lei-13682-de-15-de-dezembro-de-2003
Lei nº 13.682/2003,"Art. 1º, I",PA-AC,Assessoria Executiva de Comunicação,Assessoria,PA-GAB,https://legislacao.prefeitura.sp.gov.br/leis/lei-13682-de-15-de-dezembro-de-2003
Lei nº 13.682/2003,"Art. 1º, I",PA-AT,Assessoria Técnica,Assessoria,PA-GAB,https://legislacao.prefeitura.sp.gov.br/leis/lei-13682-de-15-de-dezembro-de-2003
Lei nº 13.682/2003,"Art. 1º, I",PA-PAT,Praça de Atendimento ao Público,Unidade,PA-GAB,https://legislacao.prefeitura.sp.gov.br/leis/lei-13682-de-15-de-dezembro-de-2003
Lei nº 13.682/2003,"Art. 1º, VIII",PA-CAF,Coordenadoria de Administração e Finanças,Coordenadoria,SUB-PA,https://legislacao.prefeitura.sp.gov.br/leis/lei-13682-de-15-de-dezembro-de-2003
Lei nº 13.682/2003,"Art. 1º, VIII",PA-SAS,Supervisão de Administração e Suprimentos,Supervisão,PA-CAF,https://legislacao.prefeitura.sp.gov.br/leis/lei-13682-de-15-de-dezembro-de-2003
Lei nº 13.682/2003,"Art. 1º, VIII",PA-SF,Supervisão de Finanças,Supervisão,PA-CAF,https://legislacao.prefeitura.sp.gov.br/leis/lei-13682-de-15-de-dezembro-de-2003
Lei nº 13.682/2003,"Art. 1º, VIII",PA-SUGESP,Supervisão de Gestão de Pessoas,Supervisão,PA-CAF,https://legislacao.prefeitura.sp.gov.br/leis/lei-13682-de-15-de-dezembro-de-2003
Sem base legal formal — núcleo administrativo,,PA-AJTI,Núcleo de Informática,Núcleo (informal),PA-CAF,https://prefeitura.sp.gov.br/web/vila_prudente/w/acesso_a_informacao/50094
Lei nº 13.682/2003,"Art. 1º, III",PA-CPDU,Coordenadoria de Planejamento e Desenvolvimento Urbano,Coordenadoria,SUB-PA,https://legislacao.prefeitura.sp.gov.br/leis/lei-13682-de-15-de-dezembro-de-2003
Lei nº 13.682/2003,"Art. 1º, III",PA-STUSL,Supervisão Técnica de Uso do Solo e Licenciamentos,Supervisão,PA-CPDU,https://legislacao.prefeitura.sp.gov.br/leis/lei-13682-de-15-de-dezembro-de-2003
Lei nº 13.682/2003,"Art. 1º, III",PA-STPU,Supervisão Técnica de Planejamento Urbano,Supervisão,PA-CPDU,https://legislacao.prefeitura.sp.gov.br/leis/lei-13682-de-15-de-dezembro-de-2003
Lei nº 13.682/2003,"Art. 1º, III",PA-STF,Supervisão Técnica de Fiscalização,Supervisão,PA-CPDU,https://legislacao.prefeitura.sp.gov.br/leis/lei-13682-de-15-de-dezembro-de-2003
Lei nº 13.682/2003,"Art. 1º, IV e V",PA-CPO,Coordenadoria de Projetos e Obras,Coordenadoria,SUB-PA,https://legislacao.prefeitura.sp.gov.br/leis/lei-13682-de-15-de-dezembro-de-2003
Lei nº 13.682/2003,"Art. 1º, IV e V",PA-STPO,Supervisão Técnica de Projetos e Obras,Supervisão,PA-CPO,https://legislacao.prefeitura.sp.gov.br/leis/lei-13682-de-15-de-dezembro-de-2003
Lei nº 13.682/2003,"Art. 1º, IV e V",PA-STLP,Supervisão Técnica de Limpeza Pública,Supervisão,PA-CPO,https://legislacao.prefeitura.sp.gov.br/leis/lei-13682-de-15-de-dezembro-de-2003
Lei nº 13.682/2003,"Art. 1º, IV e V",PA-STM,Supervisão Técnica de Manutenção,Supervisão,PA-CPO,https://legislacao.prefeitura.sp.gov.br/leis/lei-13682-de-15-de-dezembro-de-2003
Decreto nº 57.588/2017,Art. 1º,PA-CGL,Coordenadoria de Governo Local,Coordenadoria,SUB-PA,https://legislacao.prefeitura.sp.gov.br/leis/decreto-57588-de-10-de-fevereiro-de-2017
Decreto nº 57.588/2017,Art. 2º,PA-HABI,Supervisão de Habitação,Supervisão,PA-CGL,https://legislacao.prefeitura.sp.gov.br/leis/decreto-57588-de-10-de-fevereiro-de-2017
Decreto nº 57.588/2017,Art. 2º,PA-SC,Supervisão de Cultura,Supervisão,PA-CGL,https://legislacao.prefeitura.sp.gov.br/leis/decreto-57588-de-10-de-fevereiro-de-2017
Decreto nº 57.588/2017,Art. 2º,PA-SEL,Supervisão de Esportes e Lazer,Supervisão,PA-CGL,https://legislacao.prefeitura.sp.gov.br/leis/decreto-57588-de-10-de-fevereiro-de-2017
Lei nº 13.682/2003,"Art. 1º, I",PE-GAB,Gabinete do Subprefeito,Gabinete,SUB-PE,https://legislacao.prefeitura.sp.gov.br/leis/lei-13682-de-15-de-dezembro-de-2003
Lei nº 13.682/2003,"Art. 1º, I",PE-AJ,Assessoria Jurídica,Assessoria,PE-GAB,https://legislacao.prefeitura.sp.gov.br/leis/lei-13682-de-15-de-dezembro-de-2003
Lei nº 13.682/2003,"Art. 1º, I",PE-AC,Assessoria Executiva de Comunicação,Assessoria,PE-GAB,https://legislacao.prefeitura.sp.gov.br/leis/lei-13682-de-15-de-dezembro-de-2003
Lei nº 13.682/2003,"Art. 1º, I",PE-AT,Assessoria Técnica,Assessoria,PE-GAB,https://legislacao.prefeitura.sp.gov.br/leis/lei-13682-de-15-de-dezembro-de-2003
Lei nº 13.682/2003,"Art. 1º, I",PE-PAT,Praça de Atendimento ao Público,Unidade,PE-GAB,https://legislacao.prefeitura.sp.gov.br/leis/lei-13682-de-15-de-dezembro-de-2003
Lei nº 13.682/2003,"Art. 1º, VIII",PE-CAF,Coordenadoria de Administração e Finanças,Coordenadoria,SUB-PE,https://legislacao.prefeitura.sp.gov.br/leis/lei-13682-de-15-de-dezembro-de-2003
Lei nº 13.682/2003,"Art. 1º, VIII",PE-SAS,Supervisão de Administração e Suprimentos,Supervisão,PE-CAF,https://legislacao.prefeitura.sp.gov.br/leis/lei-13682-de-15-de-dezembro-de-2003
Lei nº 13.682/2003,"Art. 1º, VIII",PE-SF,Supervisão de Finanças,Supervisão,PE-CAF,https://legislacao.prefeitura.sp.gov.br/leis/lei-13682-de-15-de-dezembro-de-2003
Lei nº 13.682/2003,"Art. 1º, VIII",PE-SUGESP,Supervisão de Gestão de Pessoas,Supervisão,PE-CAF,https://legislacao.prefeitura.sp.gov.br/leis/lei-13682-de-15-de-dezembro-de-2003
Sem base legal formal — núcleo administrativo,,PE-AJTI,Núcleo de Informática,Núcleo (informal),PE-CAF,https://prefeitura.sp.gov.br/web/vila_prudente/w/acesso_a_informacao/50094
Lei nº 13.682/2003,"Art. 1º, III",PE-CPDU,Coordenadoria de Planejamento e Desenvolvimento Urbano,Coordenadoria,SUB-PE,https://legislacao.prefeitura.sp.gov.br/leis/lei-13682-de-15-de-dezembro-de-2003
Lei nº 13.682/2003,"Art. 1º, III",PE-STUSL,Supervisão Técnica de Uso do Solo e Licenciamentos,Supervisão,PE-CPDU,https://legislacao.prefeitura.sp.gov.br/leis/lei-13682-de-15-de-dezembro-de-2003
Lei nº 13.682/2003,"Art. 1º, III",PE-STPU,Supervisão Técnica de Planejamento Urbano,Supervisão,PE-CPDU,https://legislacao.prefeitura.sp.gov.br/leis/lei-13682-de-15-de-dezembro-de-2003
Lei nº 13.682/2003,"Art. 1º, III",PE-STF,Supervisão Técnica de Fiscalização,Supervisão,PE-CPDU,https://legislacao.prefeitura.sp.gov.br/leis/lei-13682-de-15-de-dezembro-de-2003
Lei nº 13.682/2003,"Art. 1º, IV e V",PE-CPO,Coordenadoria de Projetos e Obras,Coordenadoria,SUB-PE,https://legislacao.prefeitura.sp.gov.br/leis/lei-13682-de-15-de-dezembro-de-2003
Lei nº 13.682/2003,"Art. 1º, IV e V",PE-STPO,Supervisão Técnica de Projetos e Obras,Supervisão,PE-CPO,https://legislacao.prefeitura.sp.gov.br/leis/lei-13682-de-15-de-dezembro-de-2003
Lei nº 13.682/2003,"Art. 1º, IV e V",PE-STLP,Supervisão Técnica de Limpeza Pública,Supervisão,PE-CPO,https://legislacao.prefeitura.sp.gov.br/leis/lei-13682-de-15-de-dezembro-de-2003
Lei nº 13.682/2003,"Art. 1º, IV e V",PE-STM,Supervisão Técnica de Manutenção,Supervisão,PE-CPO,https://legislacao.prefeitura.sp.gov.br/leis/lei-13682-de-15-de-dezembro-de-2003
Decreto nº 57.588/2017,Art. 1º,PE-CGL,Coordenadoria de Governo Local,Coordenadoria,SUB-PE,https://legislacao.prefeitura.sp.gov.br/leis/decreto-57588-de-10-de-fevereiro-de-2017
Decreto nº 57.588/2017,Art. 2º,PE-HABI,Supervisão de Habitação,Supervisão,PE-CGL,https://legislacao.prefeitura.sp.gov.br/leis/decreto-57588-de-10-de-fevereiro-de-2017
Decreto nº 57.588/2017,Art. 2º,PE-SC,Supervisão de Cultura,Supervisão,PE-CGL,https://legislacao.prefeitura.sp.gov.br/leis/decreto-57588-de-10-de-fevereiro-de-2017
Decreto nº 57.588/2017,Art. 2º,PE-SEL,Supervisão de Esportes e Lazer,Supervisão,PE-CGL,https://legislacao.prefeitura.sp.gov.br/leis/decreto-57588-de-10-de-fevereiro-de-2017
Lei nº 13.682/2003,"Art. 1º, I",PI-GAB,Gabinete do Subprefeito,Gabinete,SUB-PI,https://legislacao.prefeitura.sp.gov.br/leis/lei-13682-de-15-de-dezembro-de-2003
Lei nº 13.682/2003,"Art. 1º, I",PI-AJ,Assessoria Jurídica,Assessoria,PI-GAB,https://legislacao.prefeitura.sp.gov.br/leis/lei-13682-de-15-de-dezembro-de-2003
Lei nº 13.682/2003,"Art. 1º, I",PI-AC,Assessoria Executiva de Comunicação,Assessoria,PI-GAB,https://legislacao.prefeitura.sp.gov.br/leis/lei-13682-de-15-de-dezembro-de-2003
Lei nº 13.682/2003,"Art. 1º, I",PI-AT,Assessoria Técnica,Assessoria,PI-GAB,https://legislacao.prefeitura.sp.gov.br/leis/lei-13682-de-15-de-dezembro-de-2003
Lei nº 13.682/2003,"Art. 1º, I",PI-PAT,Praça de Atendimento ao Público,Unidade,PI-GAB,https://legislacao.prefeitura.sp.gov.br/leis/lei-13682-de-15-de-dezembro-de-2003
Lei nº 13.682/2003,"Art. 1º, VIII",PI-CAF,Coordenadoria de Administração e Finanças,Coordenadoria,SUB-PI,https://legislacao.prefeitura.sp.gov.br/leis/lei-13682-de-15-de-dezembro-de-2003
Lei nº 13.682/2003,"Art. 1º, VIII",PI-SAS,Supervisão de Administração e Suprimentos,Supervisão,PI-CAF,https://legislacao.prefeitura.sp.gov.br/leis/lei-13682-de-15-de-dezembro-de-2003
Lei nº 13.682/2003,"Art. 1º, VIII",PI-SF,Supervisão de Finanças,Supervisão,PI-CAF,https://legislacao.prefeitura.sp.gov.br/leis/lei-13682-de-15-de-dezembro-de-2003
Lei nº 13.682/2003,"Art. 1º, VIII",PI-SUGESP,Supervisão de Gestão de Pessoas,Supervisão,PI-CAF,https://legislacao.prefeitura.sp.gov.br/leis/lei-13682-de-15-de-dezembro-de-2003
Sem base legal formal — núcleo administrativo,,PI-AJTI,Núcleo de Informática,Núcleo (informal),PI-CAF,https://prefeitura.sp.gov.br/web/vila_prudente/w/acesso_a_informacao/50094
Lei nº 13.682/2003,"Art. 1º, III",PI-CPDU,Coordenadoria de Planejamento e Desenvolvimento Urbano,Coordenadoria,SUB-PI,https://legislacao.prefeitura.sp.gov.br/leis/lei-13682-de-15-de-dezembro-de-2003
Lei nº 13.682/2003,"Art. 1º, III",PI-STUSL,Supervisão Técnica de Uso do Solo e Licenciamentos,Supervisão,PI-CPDU,https://legislacao.prefeitura.sp.gov.br/leis/lei-13682-de-15-de-dezembro-de-2003
Lei nº 13.682/2003,"Art. 1º, III",PI-STPU,Supervisão Técnica de Planejamento Urbano,Supervisão,PI-CPDU,https://legislacao.prefeitura.sp.gov.br/leis/lei-13682-de-15-de-dezembro-de-2003
Lei nº 13.682/2003,"Art. 1º, III",PI-STF,Supervisão Técnica de Fiscalização,Supervisão,PI-CPDU,https://legislacao.prefeitura.sp.gov.br/leis/lei-13682-de-15-de-dezembro-de-2003
Lei nº 13.682/2003,"Art. 1º, IV e V",PI-CPO,Coordenadoria de Projetos e Obras,Coordenadoria,SUB-PI,https://legislacao.prefeitura.sp.gov.br/leis/lei-13682-de-15-de-dezembro-de-2003
Lei nº 13.682/2003,"Art. 1º, IV e V",PI-STPO,Supervisão Técnica de Projetos e Obras,Supervisão,PI-CPO,https://legislacao.prefeitura.sp.gov.br/leis/lei-13682-de-15-de-dezembro-de-2003
Lei nº 13.682/2003,"Art. 1º, IV e V",PI-STLP,Supervisão Técnica de Limpeza Pública,Supervisão,PI-CPO,https://legislacao.prefeitura.sp.gov.br/leis/lei-13682-de-15-de-dezembro-de-2003
Lei nº 13.682/2003,"Art. 1º, IV e V",PI-STM,Supervisão Técnica de Manutenção,Supervisão,PI-CPO,https://legislacao.prefeitura.sp.gov.br/leis/lei-13682-de-15-de-dezembro-de-2003
Decreto nº 57.588/2017,Art. 1º,PI-CGL,Coordenadoria de Governo Local,Coordenadoria,SUB-PI,https://legislacao.prefeitura.sp.gov.br/leis/decreto-57588-de-10-de-fevereiro-de-2017
Decreto nº 57.588/2017,Art. 2º,PI-HABI,Supervisão de Habitação,Supervisão,PI-CGL,https://legislacao.prefeitura.sp.gov.br/leis/decreto-57588-de-10-de-fevereiro-de-2017
Decreto nº 57.588/2017,Art. 2º,PI-SC,Supervisão de Cultura,Supervisão,PI-CGL,https://legislacao.prefeitura.sp.gov.br/leis/decreto-57588-de-10-de-fevereiro-de-2017
Decreto nº 57.588/2017,Art. 2º,PI-SEL,Supervisão de Esportes e Lazer,Supervisão,PI-CGL,https://legislacao.prefeitura.sp.gov.br/leis/decreto-57588-de-10-de-fevereiro-de-2017
Lei nº 13.682/2003,"Art. 1º, I",PJ-GAB,Gabinete do Subprefeito,Gabinete,SUB-PJ,https://legislacao.prefeitura.sp.gov.br/leis/lei-13682-de-15-de-dezembro-de-2003
Lei nº 13.682/2003,"Art. 1º, I",PJ-AJ,Assessoria Jurídica,Assessoria,PJ-GAB,https://legislacao.prefeitura.sp.gov.br/leis/lei-13682-de-15-de-dezembro-de-2003
Lei nº 13.682/2003,"Art. 1º, I",PJ-AC,Assessoria Executiva de Comunicação,Assessoria,PJ-GAB,https://legislacao.prefeitura.sp.gov.br/leis/lei-13682-de-15-de-dezembro-de-2003
Lei nº 13.682/2003,"Art. 1º, I",PJ-AT,Assessoria Técnica,Assessoria,PJ-GAB,https://legislacao.prefeitura.sp.gov.br/leis/lei-13682-de-15-de-dezembro-de-2003
Lei nº 13.682/2003,"Art. 1º, I",PJ-PAT,Praça de Atendimento ao Público,Unidade,PJ-GAB,https://legislacao.prefeitura.sp.gov.br/leis/lei-13682-de-15-de-dezembro-de-2003
Lei nº 13.682/2003,"Art. 1º, VIII",PJ-CAF,Coordenadoria de Administração e Finanças,Coordenadoria,SUB-PJ,https://legislacao.prefeitura.sp.gov.br/leis/lei-13682-de-15-de-dezembro-de-2003
Lei nº 13.682/2003,"Art. 1º, VIII",PJ-SAS,Supervisão de Administração e Suprimentos,Supervisão,PJ-CAF,https://legislacao.prefeitura.sp.gov.br/leis/lei-13682-de-15-de-dezembro-de-2003
Lei nº 13.682/2003,"Art. 1º, VIII",PJ-SF,Supervisão de Finanças,Supervisão,PJ-CAF,https://legislacao.prefeitura.sp.gov.br/leis/lei-13682-de-15-de-dezembro-de-2003
Lei nº 13.682/2003,"Art. 1º, VIII",PJ-SUGESP,Supervisão de Gestão de Pessoas,Supervisão,PJ-CAF,https://legislacao.prefeitura.sp.gov.br/leis/lei-13682-de-15-de-dezembro-de-2003
Sem base legal formal — núcleo administrativo,,PJ-AJTI,Núcleo de Informática,Núcleo (informal),PJ-CAF,https://prefeitura.sp.gov.br/web/vila_prudente/w/acesso_a_informacao/50094
Lei nº 13.682/2003,"Art. 1º, III",PJ-CPDU,Coordenadoria de Planejamento e Desenvolvimento Urbano,Coordenadoria,SUB-PJ,https://legislacao.prefeitura.sp.gov.br/leis/lei-13682-de-15-de-dezembro-de-2003
Lei nº 13.682/2003,"Art. 1º, III",PJ-STUSL,Supervisão Técnica de Uso do Solo e Licenciamentos,Supervisão,PJ-CPDU,https://legislacao.prefeitura.sp.gov.br/leis/lei-13682-de-15-de-dezembro-de-2003
Lei nº 13.682/2003,"Art. 1º, III",PJ-STPU,Supervisão Técnica de Planejamento Urbano,Supervisão,PJ-CPDU,https://legislacao.prefeitura.sp.gov.br/leis/lei-13682-de-15-de-dezembro-de-2003
Lei nº 13.682/2003,"Art. 1º, III",PJ-STF,Supervisão Técnica de Fiscalização,Supervisão,PJ-CPDU,https://legislacao.prefeitura.sp.gov.br/leis/lei-13682-de-15-de-dezembro-de-2003
Lei nº 13.682/2003,"Art. 1º, IV e V",PJ-CPO,Coordenadoria de Projetos e Obras,Coordenadoria,SUB-PJ,https://legislacao.prefeitura.sp.gov.br/leis/lei-13682-de-15-de-dezembro-de-2003
Lei nº 13.682/2003,"Art. 1º, IV e V",PJ-STPO,Supervisão Técnica de Projetos e Obras,Supervisão,PJ-CPO,https://legislacao.prefeitura.sp.gov.br/leis/lei-13682-de-15-de-dezembro-de-2003
Lei nº 13.682/2003,"Art. 1º, IV e V",PJ-STLP,Supervisão Técnica de Limpeza Pública,Supervisão,PJ-CPO,https://legislacao.prefeitura.sp.gov.br/leis/lei-13682-de-15-de-dezembro-de-2003
Lei nº 13.682/2003,"Art. 1º, IV e V",PJ-STM,Supervisão Técnica de Manutenção,Supervisão,PJ-CPO,https://legislacao.prefeitura.sp.gov.br/leis/lei-13682-de-15-de-dezembro-de-2003
Decreto nº 57.588/2017,Art. 1º,PJ-CGL,Coordenadoria de Governo Local,Coordenadoria,SUB-PJ,https://legislacao.prefeitura.sp.gov.br/leis/decreto-57588-de-10-de-fevereiro-de-2017
Decreto nº 57.588/2017,Art. 2º,PJ-HABI,Supervisão de Habitação,Supervisão,PJ-CGL,https://legislacao.prefeitura.sp.gov.br/leis/decreto-57588-de-10-de-fevereiro-de-2017
Decreto nº 57.588/2017,Art. 2º,PJ-SC,Supervisão de Cultura,Supervisão,PJ-CGL,https://legislacao.prefeitura.sp.gov.br/leis/decreto-57588-de-10-de-fevereiro-de-2017
Decreto nº 57.588/2017,Art. 2º,PJ-SEL,Supervisão de Esportes e Lazer,Supervisão,PJ-CGL,https://legislacao.prefeitura.sp.gov.br/leis/decreto-57588-de-10-de-fevereiro-de-2017
Lei nº 13.682/2003,"Art. 1º, I",PR-GAB,Gabinete do Subprefeito,Gabinete,SUB-PR,https://legislacao.prefeitura.sp.gov.br/leis/lei-13682-de-15-de-dezembro-de-2003
Lei nº 13.682/2003,"Art. 1º, I",PR-AJ,Assessoria Jurídica,Assessoria,PR-GAB,https://legislacao.prefeitura.sp.gov.br/leis/lei-13682-de-15-de-dezembro-de-2003
Lei nº 13.682/2003,"Art. 1º, I",PR-AC,Assessoria Executiva de Comunicação,Assessoria,PR-GAB,https://legislacao.prefeitura.sp.gov.br/leis/lei-13682-de-15-de-dezembro-de-2003
Lei nº 13.682/2003,"Art. 1º, I",PR-AT,Assessoria Técnica,Assessoria,PR-GAB,https://legislacao.prefeitura.sp.gov.br/leis/lei-13682-de-15-de-dezembro-de-2003
Lei nº 13.682/2003,"Art. 1º, I",PR-PAT,Praça de Atendimento ao Público,Unidade,PR-GAB,https://legislacao.prefeitura.sp.gov.br/leis/lei-13682-de-15-de-dezembro-de-2003
Lei nº 13.682/2003,"Art. 1º, VIII",PR-CAF,Coordenadoria de Administração e Finanças,Coordenadoria,SUB-PR,https://legislacao.prefeitura.sp.gov.br/leis/lei-13682-de-15-de-dezembro-de-2003
Lei nº 13.682/2003,"Art. 1º, VIII",PR-SAS,Supervisão de Administração e Suprimentos,Supervisão,PR-CAF,https://legislacao.prefeitura.sp.gov.br/leis/lei-13682-de-15-de-dezembro-de-2003
Lei nº 13.682/2003,"Art. 1º, VIII",PR-SF,Supervisão de Finanças,Supervisão,PR-CAF,https://legislacao.prefeitura.sp.gov.br/leis/lei-13682-de-15-de-dezembro-de-2003
Lei nº 13.682/2003,"Art. 1º, VIII",PR-SUGESP,Supervisão de Gestão de Pessoas,Supervisão,PR-CAF,https://legislacao.prefeitura.sp.gov.br/leis/lei-13682-de-15-de-dezembro-de-2003
Sem base legal formal — núcleo administrativo,,PR-AJTI,Núcleo de Informática,Núcleo (informal),PR-CAF,https://prefeitura.sp.gov.br/web/vila_prudente/w/acesso_a_informacao/50094
Lei nº 13.682/2003,"Art. 1º, III",PR-CPDU,Coordenadoria de Planejamento e Desenvolvimento Urbano,Coordenadoria,SUB-PR,https://legislacao.prefeitura.sp.gov.br/leis/lei-13682-de-15-de-dezembro-de-2003
Lei nº 13.682/2003,"Art. 1º, III",PR-STUSL,Supervisão Técnica de Uso do Solo e Licenciamentos,Supervisão,PR-CPDU,https://legislacao.prefeitura.sp.gov.br/leis/lei-13682-de-15-de-dezembro-de-2003
Lei nº 13.682/2003,"Art. 1º, III",PR-STPU,Supervisão Técnica de Planejamento Urbano,Supervisão,PR-CPDU,https://legislacao.prefeitura.sp.gov.br/leis/lei-13682-de-15-de-dezembro-de-2003
Lei nº 13.682/2003,"Art. 1º, III",PR-STF,Supervisão Técnica de Fiscalização,Supervisão,PR-CPDU,https://legislacao.prefeitura.sp.gov.br/leis/lei-13682-de-15-de-dezembro-de-2003
Lei nº 13.682/2003,"Art. 1º, IV e V",PR-CPO,Coordenadoria de Projetos e Obras,Coordenadoria,SUB-PR,https://legislacao.prefeitura.sp.gov.br/leis/lei-13682-de-15-de-dezembro-de-2003
Lei nº 13.682/2003,"Art. 1º, IV e V",PR-STPO,Supervisão Técnica de Projetos e Obras,Supervisão,PR-CPO,https://legislacao.prefeitura.sp.gov.br/leis/lei-13682-de-15-de-dezembro-de-2003
Lei nº 13.682/2003,"Art. 1º, IV e V",PR-STLP,Supervisão Técnica de Limpeza Pública,Supervisão,PR-CPO,https://legislacao.prefeitura.sp.gov.br/leis/lei-13682-de-15-de-dezembro-de-2003
Lei nº 13.682/2003,"Art. 1º, IV e V",PR-STM,Supervisão Técnica de Manutenção,Supervisão,PR-CPO,https://legislacao.prefeitura.sp.gov.br/leis/lei-13682-de-15-de-dezembro-de-2003
Decreto nº 57.588/2017,Art. 1º,PR-CGL,Coordenadoria de Governo Local,Coordenadoria,SUB-PR,https://legislacao.prefeitura.sp.gov.br/leis/decreto-57588-de-10-de-fevereiro-de-2017
Decreto nº 57.588/2017,Art. 2º,PR-HABI,Supervisão de Habitação,Supervisão,PR-CGL,https://legislacao.prefeitura.sp.gov.br/leis/decreto-57588-de-10-de-fevereiro-de-2017
Decreto nº 57.588/2017,Art. 2º,PR-SC,Supervisão de Cultura,Supervisão,PR-CGL,https://legislacao.prefeitura.sp.gov.br/leis/decreto-57588-de-10-de-fevereiro-de-2017
Decreto nº 57.588/2017,Art. 2º,PR-SEL,Supervisão de Esportes e Lazer,Supervisão,PR-CGL,https://legislacao.prefeitura.sp.gov.br/leis/decreto-57588-de-10-de-fevereiro-de-2017
Lei nº 13.682/2003,"Art. 1º, I",SA-GAB,Gabinete do Subprefeito,Gabinete,SUB-SA,https://legislacao.prefeitura.sp.gov.br/leis/lei-13682-de-15-de-dezembro-de-2003
Lei nº 13.682/2003,"Art. 1º, I",SA-AJ,Assessoria Jurídica,Assessoria,SA-GAB,https://legislacao.prefeitura.sp.gov.br/leis/lei-13682-de-15-de-dezembro-de-2003
Lei nº 13.682/2003,"Art. 1º, I",SA-AC,Assessoria Executiva de Comunicação,Assessoria,SA-GAB,https://legislacao.prefeitura.sp.gov.br/leis/lei-13682-de-15-de-dezembro-de-2003
Lei nº 13.682/2003,"Art. 1º, I",SA-AT,Assessoria Técnica,Assessoria,SA-GAB,https://legislacao.prefeitura.sp.gov.br/leis/lei-13682-de-15-de-dezembro-de-2003
Lei nº 13.682/2003,"Art. 1º, I",SA-PAT,Praça de Atendimento ao Público,Unidade,SA-GAB,https://legislacao.prefeitura.sp.gov.br/leis/lei-13682-de-15-de-dezembro-de-2003
Lei nº 13.682/2003,"Art. 1º, VIII",SA-CAF,Coordenadoria de Administração e Finanças,Coordenadoria,SUB-SA,https://legislacao.prefeitura.sp.gov.br/leis/lei-13682-de-15-de-dezembro-de-2003
Lei nº 13.682/2003,"Art. 1º, VIII",SA-SAS,Supervisão de Administração e Suprimentos,Supervisão,SA-CAF,https://legislacao.prefeitura.sp.gov.br/leis/lei-13682-de-15-de-dezembro-de-2003
Lei nº 13.682/2003,"Art. 1º, VIII",SA-SF,Supervisão de Finanças,Supervisão,SA-CAF,https://legislacao.prefeitura.sp.gov.br/leis/lei-13682-de-15-de-dezembro-de-2003
Lei nº 13.682/2003,"Art. 1º, VIII",SA-SUGESP,Supervisão de Gestão de Pessoas,Supervisão,SA-CAF,https://legislacao.prefeitura.sp.gov.br/leis/lei-13682-de-15-de-dezembro-de-2003
Sem base legal formal — núcleo administrativo,,SA-AJTI,Núcleo de Informática,Núcleo (informal),SA-CAF,https://prefeitura.sp.gov.br/web/vila_prudente/w/acesso_a_informacao/50094
Lei nº 13.682/2003,"Art. 1º, III",SA-CPDU,Coordenadoria de Planejamento e Desenvolvimento Urbano,Coordenadoria,SUB-SA,https://legislacao.prefeitura.sp.gov.br/leis/lei-13682-de-15-de-dezembro-de-2003
Lei nº 13.682/2003,"Art. 1º, III",SA-STUSL,Supervisão Técnica de Uso do Solo e Licenciamentos,Supervisão,SA-CPDU,https://legislacao.prefeitura.sp.gov.br/leis/lei-13682-de-15-de-dezembro-de-2003
Lei nº 13.682/2003,"Art. 1º, III",SA-STPU,Supervisão Técnica de Planejamento Urbano,Supervisão,SA-CPDU,https://legislacao.prefeitura.sp.gov.br/leis/lei-13682-de-15-de-dezembro-de-2003
Lei nº 13.682/2003,"Art. 1º, III",SA-STF,Supervisão Técnica de Fiscalização,Supervisão,SA-CPDU,https://legislacao.prefeitura.sp.gov.br/leis/lei-13682-de-15-de-dezembro-de-2003
Lei nº 13.682/2003,"Art. 1º, IV e V",SA-CPO,Coordenadoria de Projetos e Obras,Coordenadoria,SUB-SA,https://legislacao.prefeitura.sp.gov.br/leis/lei-13682-de-15-de-dezembro-de-2003
Lei nº 13.682/2003,"Art. 1º, IV e V",SA-STPO,Supervisão Técnica de Projetos e Obras,Supervisão,SA-CPO,https://legislacao.prefeitura.sp.gov.br/leis/lei-13682-de-15-de-dezembro-de-2003
Lei nº 13.682/2003,"Art. 1º, IV e V",SA-STLP,Supervisão Técnica de Limpeza Pública,Supervisão,SA-CPO,https://legislacao.prefeitura.sp.gov.br/leis/lei-13682-de-15-de-dezembro-de-2003
Lei nº 13.682/2003,"Art. 1º, IV e V",SA-STM,Supervisão Técnica de Manutenção,Supervisão,SA-CPO,https://legislacao.prefeitura.sp.gov.br/leis/lei-13682-de-15-de-dezembro-de-2003
Decreto nº 57.588/2017,Art. 1º,SA-CGL,Coordenadoria de Governo Local,Coordenadoria,SUB-SA,https://legislacao.prefeitura.sp.gov.br/leis/decreto-57588-de-10-de-fevereiro-de-2017
Decreto nº 57.588/2017,Art. 2º,SA-HABI,Supervisão de Habitação,Supervisão,SA-CGL,https://legislacao.prefeitura.sp.gov.br/leis/decreto-57588-de-10-de-fevereiro-de-2017
Decreto nº 57.588/2017,Art. 2º,SA-SC,Supervisão de Cultura,Supervisão,SA-CGL,https://legislacao.prefeitura.sp.gov.br/leis/decreto-57588-de-10-de-fevereiro-de-2017
Decreto nº 57.588/2017,Art. 2º,SA-SEL,Supervisão de Esportes e Lazer,Supervisão,SA-CGL,https://legislacao.prefeitura.sp.gov.br/leis/decreto-57588-de-10-de-fevereiro-de-2017
Lei nº 13.682/2003,"Art. 1º, I",SB-GAB,Gabinete do Subprefeito,Gabinete,SUB-SB,https://legislacao.prefeitura.sp.gov.br/leis/lei-13682-de-15-de-dezembro-de-2003
Lei nº 13.682/2003,"Art. 1º, I",SB-AJ,Assessoria Jurídica,Assessoria,SB-GAB,https://legislacao.prefeitura.sp.gov.br/leis/lei-13682-de-15-de-dezembro-de-2003
Lei nº 13.682/2003,"Art. 1º, I",SB-AC,Assessoria Executiva de Comunicação,Assessoria,SB-GAB,https://legislacao.prefeitura.sp.gov.br/leis/lei-13682-de-15-de-dezembro-de-2003
Lei nº 13.682/2003,"Art. 1º, I",SB-AT,Assessoria Técnica,Assessoria,SB-GAB,https://legislacao.prefeitura.sp.gov.br/leis/lei-13682-de-15-de-dezembro-de-2003
Lei nº 13.682/2003,"Art. 1º, I",SB-PAT,Praça de Atendimento ao Público,Unidade,SB-GAB,https://legislacao.prefeitura.sp.gov.br/leis/lei-13682-de-15-de-dezembro-de-2003
Lei nº 13.682/2003,"Art. 1º, VIII",SB-CAF,Coordenadoria de Administração e Finanças,Coordenadoria,SUB-SB,https://legislacao.prefeitura.sp.gov.br/leis/lei-13682-de-15-de-dezembro-de-2003
Lei nº 13.682/2003,"Art. 1º, VIII",SB-SAS,Supervisão de Administração e Suprimentos,Supervisão,SB-CAF,https://legislacao.prefeitura.sp.gov.br/leis/lei-13682-de-15-de-dezembro-de-2003
Lei nº 13.682/2003,"Art. 1º, VIII",SB-SF,Supervisão de Finanças,Supervisão,SB-CAF,https://legislacao.prefeitura.sp.gov.br/leis/lei-13682-de-15-de-dezembro-de-2003
Lei nº 13.682/2003,"Art. 1º, VIII",SB-SUGESP,Supervisão de Gestão de Pessoas,Supervisão,SB-CAF,https://legislacao.prefeitura.sp.gov.br/leis/lei-13682-de-15-de-dezembro-de-2003
Sem base legal formal — núcleo administrativo,,SB-AJTI,Núcleo de Informática,Núcleo (informal),SB-CAF,https://prefeitura.sp.gov.br/web/vila_prudente/w/acesso_a_informacao/50094
Lei nº 13.682/2003,"Art. 1º, III",SB-CPDU,Coordenadoria de Planejamento e Desenvolvimento Urbano,Coordenadoria,SUB-SB,https://legislacao.prefeitura.sp.gov.br/leis/lei-13682-de-15-de-dezembro-de-2003
Lei nº 13.682/2003,"Art. 1º, III",SB-STUSL,Supervisão Técnica de Uso do Solo e Licenciamentos,Supervisão,SB-CPDU,https://legislacao.prefeitura.sp.gov.br/leis/lei-13682-de-15-de-dezembro-de-2003
Lei nº 13.682/2003,"Art. 1º, III",SB-STPU,Supervisão Técnica de Planejamento Urbano,Supervisão,SB-CPDU,https://legislacao.prefeitura.sp.gov.br/leis/lei-13682-de-15-de-dezembro-de-2003
Lei nº 13.682/2003,"Art. 1º, III",SB-STF,Supervisão Técnica de Fiscalização,Supervisão,SB-CPDU,https://legislacao.prefeitura.sp.gov.br/leis/lei-13682-de-15-de-dezembro-de-2003
Lei nº 13.682/2003,"Art. 1º, IV e V",SB-CPO,Coordenadoria de Projetos e Obras,Coordenadoria,SUB-SB,https://legislacao.prefeitura.sp.gov.br/leis/lei-13682-de-15-de-dezembro-de-2003
Lei nº 13.682/2003,"Art. 1º, IV e V",SB-STPO,Supervisão Técnica de Projetos e Obras,Supervisão,SB-CPO,https://legislacao.prefeitura.sp.gov.br/leis/lei-13682-de-15-de-dezembro-de-2003
Lei nº 13.682/2003,"Art. 1º, IV e V",SB-STLP,Supervisão Técnica de Limpeza Pública,Supervisão,SB-CPO,https://legislacao.prefeitura.sp.gov.br/leis/lei-13682-de-15-de-dezembro-de-2003
Lei nº 13.682/2003,"Art. 1º, IV e V",SB-STM,Supervisão Técnica de Manutenção,Supervisão,SB-CPO,https://legislacao.prefeitura.sp.gov.br/leis/lei-13682-de-15-de-dezembro-de-2003
Decreto nº 57.588/2017,Art. 1º,SB-CGL,Coordenadoria de Governo Local,Coordenadoria,SUB-SB,https://legislacao.prefeitura.sp.gov.br/leis/decreto-57588-de-10-de-fevereiro-de-2017
Decreto nº 57.588/2017,Art. 2º,SB-HABI,Supervisão de Habitação,Supervisão,SB-CGL,https://legislacao.prefeitura.sp.gov.br/leis/decreto-57588-de-10-de-fevereiro-de-2017
Decreto nº 57.588/2017,Art. 2º,SB-SC,Supervisão de Cultura,Supervisão,SB-CGL,https://legislacao.prefeitura.sp.gov.br/leis/decreto-57588-de-10-de-fevereiro-de-2017
Decreto nº 57.588/2017,Art. 2º,SB-SEL,Supervisão de Esportes e Lazer,Supervisão,SB-CGL,https://legislacao.prefeitura.sp.gov.br/leis/decreto-57588-de-10-de-fevereiro-de-2017
Lei nº 13.682/2003,"Art. 1º, I",SE-GAB,Gabinete do Subprefeito,Gabinete,SUB-SE,https://legislacao.prefeitura.sp.gov.br/leis/lei-13682-de-15-de-dezembro-de-2003
Lei nº 13.682/2003,"Art. 1º, I",SE-AJ,Assessoria Jurídica,Assessoria,SE-GAB,https://legislacao.prefeitura.sp.gov.br/leis/lei-13682-de-15-de-dezembro-de-2003
Lei nº 13.682/2003,"Art. 1º, I",SE-AC,Assessoria Executiva de Comunicação,Assessoria,SE-GAB,https://legislacao.prefeitura.sp.gov.br/leis/lei-13682-de-15-de-dezembro-de-2003
Lei nº 13.682/2003,"Art. 1º, I",SE-AT,Assessoria Técnica,Assessoria,SE-GAB,https://legislacao.prefeitura.sp.gov.br/leis/lei-13682-de-15-de-dezembro-de-2003
Lei nº 13.682/2003,"Art. 1º, I",SE-PAT,Praça de Atendimento ao Público,Unidade,SE-GAB,https://legislacao.prefeitura.sp.gov.br/leis/lei-13682-de-15-de-dezembro-de-2003
Lei nº 13.682/2003,"Art. 1º, VIII",SE-CAF,Coordenadoria de Administração e Finanças,Coordenadoria,SUB-SE,https://legislacao.prefeitura.sp.gov.br/leis/lei-13682-de-15-de-dezembro-de-2003
Lei nº 13.682/2003,"Art. 1º, VIII",SE-SAS,Supervisão de Administração e Suprimentos,Supervisão,SE-CAF,https://legislacao.prefeitura.sp.gov.br/leis/lei-13682-de-15-de-dezembro-de-2003
Lei nº 13.682/2003,"Art. 1º, VIII",SE-SF,Supervisão de Finanças,Supervisão,SE-CAF,https://legislacao.prefeitura.sp.gov.br/leis/lei-13682-de-15-de-dezembro-de-2003
Lei nº 13.682/2003,"Art. 1º, VIII",SE-SUGESP,Supervisão de Gestão de Pessoas,Supervisão,SE-CAF,https://legislacao.prefeitura.sp.gov.br/leis/lei-13682-de-15-de-dezembro-de-2003
Sem base legal formal — núcleo administrativo,,SE-AJTI,Núcleo de Informática,Núcleo (informal),SE-CAF,https://prefeitura.sp.gov.br/web/vila_prudente/w/acesso_a_informacao/50094
Lei nº 13.682/2003,"Art. 1º, III",SE-CPDU,Coordenadoria de Planejamento e Desenvolvimento Urbano,Coordenadoria,SUB-SE,https://legislacao.prefeitura.sp.gov.br/leis/lei-13682-de-15-de-dezembro-de-2003
Lei nº 13.682/2003,"Art. 1º, III",SE-STUSL,Supervisão Técnica de Uso do Solo e Licenciamentos,Supervisão,SE-CPDU,https://legislacao.prefeitura.sp.gov.br/leis/lei-13682-de-15-de-dezembro-de-2003
Lei nº 13.682/2003,"Art. 1º, III",SE-STPU,Supervisão Técnica de Planejamento Urbano,Supervisão,SE-CPDU,https://legislacao.prefeitura.sp.gov.br/leis/lei-13682-de-15-de-dezembro-de-2003
Lei nº 13.682/2003,"Art. 1º, III",SE-STF,Supervisão Técnica de Fiscalização,Supervisão,SE-CPDU,https://legislacao.prefeitura.sp.gov.br/leis/lei-13682-de-15-de-dezembro-de-2003
Lei nº 13.682/2003,"Art. 1º, IV e V",SE-CPO,Coordenadoria de Projetos e Obras,Coordenadoria,SUB-SE,https://legislacao.prefeitura.sp.gov.br/leis/lei-13682-de-15-de-dezembro-de-2003
Lei nº 13.682/2003,"Art. 1º, IV e V",SE-STPO,Supervisão Técnica de Projetos e Obras,Supervisão,SE-CPO,https://legislacao.prefeitura.sp.gov.br/leis/lei-13682-de-15-de-dezembro-de-2003
Lei nº 13.682/2003,"Art. 1º, IV e V",SE-STLP,Supervisão Técnica de Limpeza Pública,Supervisão,SE-CPO,https://legislacao.prefeitura.sp.gov.br/leis/lei-13682-de-15-de-dezembro-de-2003
Lei nº 13.682/2003,"Art. 1º, IV e V",SE-STM,Supervisão Técnica de Manutenção,Supervisão,SE-CPO,https://legislacao.prefeitura.sp.gov.br/leis/lei-13682-de-15-de-dezembro-de-2003
Decreto nº 57.588/2017,Art. 1º,SE-CGL,Coordenadoria de Governo Local,Coordenadoria,SUB-SE,https://legislacao.prefeitura.sp.gov.br/leis/decreto-57588-de-10-de-fevereiro-de-2017
Decreto nº 57.588/2017,Art. 2º,SE-HABI,Supervisão de Habitação,Supervisão,SE-CGL,https://legislacao.prefeitura.sp.gov.br/leis/decreto-57588-de-10-de-fevereiro-de-2017
Decreto nº 57.588/2017,Art. 2º,SE-SC,Supervisão de Cultura,Supervisão,SE-CGL,https://legislacao.prefeitura.sp.gov.br/leis/decreto-57588-de-10-de-fevereiro-de-2017
Decreto nº 57.588/2017,Art. 2º,SE-SEL,Supervisão de Esportes e Lazer,Supervisão,SE-CGL,https://legislacao.prefeitura.sp.gov.br/leis/decreto-57588-de-10-de-fevereiro-de-2017
Lei nº 13.682/2003,"Art. 1º, I",SM-GAB,Gabinete do Subprefeito,Gabinete,SUB-SM,https://legislacao.prefeitura.sp.gov.br/leis/lei-13682-de-15-de-dezembro-de-2003
Lei nº 13.682/2003,"Art. 1º, I",SM-AJ,Assessoria Jurídica,Assessoria,SM-GAB,https://legislacao.prefeitura.sp.gov.br/leis/lei-13682-de-15-de-dezembro-de-2003
Lei nº 13.682/2003,"Art. 1º, I",SM-AC,Assessoria Executiva de Comunicação,Assessoria,SM-GAB,https://legislacao.prefeitura.sp.gov.br/leis/lei-13682-de-15-de-dezembro-de-2003
Lei nº 13.682/2003,"Art. 1º, I",SM-AT,Assessoria Técnica,Assessoria,SM-GAB,https://legislacao.prefeitura.sp.gov.br/leis/lei-13682-de-15-de-dezembro-de-2003
Lei nº 13.682/2003,"Art. 1º, I",SM-PAT,Praça de Atendimento ao Público,Unidade,SM-GAB,https://legislacao.prefeitura.sp.gov.br/leis/lei-13682-de-15-de-dezembro-de-2003
Lei nº 13.682/2003,"Art. 1º, VIII",SM-CAF,Coordenadoria de Administração e Finanças,Coordenadoria,SUB-SM,https://legislacao.prefeitura.sp.gov.br/leis/lei-13682-de-15-de-dezembro-de-2003
Lei nº 13.682/2003,"Art. 1º, VIII",SM-SAS,Supervisão de Administração e Suprimentos,Supervisão,SM-CAF,https://legislacao.prefeitura.sp.gov.br/leis/lei-13682-de-15-de-dezembro-de-2003
Lei nº 13.682/2003,"Art. 1º, VIII",SM-SF,Supervisão de Finanças,Supervisão,SM-CAF,https://legislacao.prefeitura.sp.gov.br/leis/lei-13682-de-15-de-dezembro-de-2003
Lei nº 13.682/2003,"Art. 1º, VIII",SM-SUGESP,Supervisão de Gestão de Pessoas,Supervisão,SM-CAF,https://legislacao.prefeitura.sp.gov.br/leis/lei-13682-de-15-de-dezembro-de-2003
Sem base legal formal — núcleo administrativo,,SM-AJTI,Núcleo de Informática,Núcleo (informal),SM-CAF,https://prefeitura.sp.gov.br/web/vila_prudente/w/acesso_a_informacao/50094
Lei nº 13.682/2003,"Art. 1º, III",SM-CPDU,Coordenadoria de Planejamento e Desenvolvimento Urbano,Coordenadoria,SUB-SM,https://legislacao.prefeitura.sp.gov.br/leis/lei-13682-de-15-de-dezembro-de-2003
Lei nº 13.682/2003,"Art. 1º, III",SM-STUSL,Supervisão Técnica de Uso do Solo e Licenciamentos,Supervisão,SM-CPDU,https://legislacao.prefeitura.sp.gov.br/leis/lei-13682-de-15-de-dezembro-de-2003
Lei nº 13.682/2003,"Art. 1º, III",SM-STPU,Supervisão Técnica de Planejamento Urbano,Supervisão,SM-CPDU,https://legislacao.prefeitura.sp.gov.br/leis/lei-13682-de-15-de-dezembro-de-2003
Lei nº 13.682/2003,"Art. 1º, III",SM-STF,Supervisão Técnica de Fiscalização,Supervisão,SM-CPDU,https://legislacao.prefeitura.sp.gov.br/leis/lei-13682-de-15-de-dezembro-de-2003
Lei nº 13.682/2003,"Art. 1º, IV e V",SM-CPO,Coordenadoria de Projetos e Obras,Coordenadoria,SUB-SM,https://legislacao.prefeitura.sp.gov.br/leis/lei-13682-de-15-de-dezembro-de-2003
Lei nº 13.682/2003,"Art. 1º, IV e V",SM-STPO,Supervisão Técnica de Projetos e Obras,Supervisão,SM-CPO,https://legislacao.prefeitura.sp.gov.br/leis/lei-13682-de-15-de-dezembro-de-2003
Lei nº 13.682/2003,"Art. 1º, IV e V",SM-STLP,Supervisão Técnica de Limpeza Pública,Supervisão,SM-CPO,https://legislacao.prefeitura.sp.gov.br/leis/lei-13682-de-15-de-dezembro-de-2003
Lei nº 13.682/2003,"Art. 1º, IV e V",SM-STM,Supervisão Técnica de Manutenção,Supervisão,SM-CPO,https://legislacao.prefeitura.sp.gov.br/leis/lei-13682-de-15-de-dezembro-de-2003
Decreto nº 57.588/2017,Art. 1º,SM-CGL,Coordenadoria de Governo Local,Coordenadoria,SUB-SM,https://legislacao.prefeitura.sp.gov.br/leis/decreto-57588-de-10-de-fevereiro-de-2017
Decreto nº 57.588/2017,Art. 2º,SM-HABI,Supervisão de Habitação,Supervisão,SM-CGL,https://legislacao.prefeitura.sp.gov.br/leis/decreto-57588-de-10-de-fevereiro-de-2017
Decreto nº 57.588/2017,Art. 2º,SM-SC,Supervisão de Cultura,Supervisão,SM-CGL,https://legislacao.prefeitura.sp.gov.br/leis/decreto-57588-de-10-de-fevereiro-de-2017
Decreto nº 57.588/2017,Art. 2º,SM-SEL,Supervisão de Esportes e Lazer,Supervisão,SM-CGL,https://legislacao.prefeitura.sp.gov.br/leis/decreto-57588-de-10-de-fevereiro-de-2017
Lei nº 13.682/2003,"Art. 1º, I",ST-GAB,Gabinete do Subprefeito,Gabinete,SUB-ST,https://legislacao.prefeitura.sp.gov.br/leis/lei-13682-de-15-de-dezembro-de-2003
Lei nº 13.682/2003,"Art. 1º, I",ST-AJ,Assessoria Jurídica,Assessoria,ST-GAB,https://legislacao.prefeitura.sp.gov.br/leis/lei-13682-de-15-de-dezembro-de-2003
Lei nº 13.682/2003,"Art. 1º, I",ST-AC,Assessoria Executiva de Comunicação,Assessoria,ST-GAB,https://legislacao.prefeitura.sp.gov.br/leis/lei-13682-de-15-de-dezembro-de-2003
Lei nº 13.682/2003,"Art. 1º, I",ST-AT,Assessoria Técnica,Assessoria,ST-GAB,https://legislacao.prefeitura.sp.gov.br/leis/lei-13682-de-15-de-dezembro-de-2003
Lei nº 13.682/2003,"Art. 1º, I",ST-PAT,Praça de Atendimento ao Público,Unidade,ST-GAB,https://legislacao.prefeitura.sp.gov.br/leis/lei-13682-de-15-de-dezembro-de-2003
Lei nº 13.682/2003,"Art. 1º, VIII",ST-CAF,Coordenadoria de Administração e Finanças,Coordenadoria,SUB-ST,https://legislacao.prefeitura.sp.gov.br/leis/lei-13682-de-15-de-dezembro-de-2003
Lei nº 13.682/2003,"Art. 1º, VIII",ST-SAS,Supervisão de Administração e Suprimentos,Supervisão,ST-CAF,https://legislacao.prefeitura.sp.gov.br/leis/lei-13682-de-15-de-dezembro-de-2003
Lei nº 13.682/2003,"Art. 1º, VIII",ST-SF,Supervisão de Finanças,Supervisão,ST-CAF,https://legislacao.prefeitura.sp.gov.br/leis/lei-13682-de-15-de-dezembro-de-2003
Lei nº 13.682/2003,"Art. 1º, VIII",ST-SUGESP,Supervisão de Gestão de Pessoas,Supervisão,ST-CAF,https://legislacao.prefeitura.sp.gov.br/leis/lei-13682-de-15-de-dezembro-de-2003
Sem base legal formal — núcleo administrativo,,ST-AJTI,Núcleo de Informática,Núcleo (informal),ST-CAF,https://prefeitura.sp.gov.br/web/vila_prudente/w/acesso_a_informacao/50094
Lei nº 13.682/2003,"Art. 1º, III",ST-CPDU,Coordenadoria de Planejamento e Desenvolvimento Urbano,Coordenadoria,SUB-ST,https://legislacao.prefeitura.sp.gov.br/leis/lei-13682-de-15-de-dezembro-de-2003
Lei nº 13.682/2003,"Art. 1º, III",ST-STUSL,Supervisão Técnica de Uso do Solo e Licenciamentos,Supervisão,ST-CPDU,https://legislacao.prefeitura.sp.gov.br/leis/lei-13682-de-15-de-dezembro-de-2003
Lei nº 13.682/2003,"Art. 1º, III",ST-STPU,Supervisão Técnica de Planejamento Urbano,Supervisão,ST-CPDU,https://legislacao.prefeitura.sp.gov.br/leis/lei-13682-de-15-de-dezembro-de-2003
Lei nº 13.682/2003,"Art. 1º, III",ST-STF,Supervisão Técnica de Fiscalização,Supervisão,ST-CPDU,https://legislacao.prefeitura.sp.gov.br/leis/lei-13682-de-15-de-dezembro-de-2003
Lei nº 13.682/2003,"Art. 1º, IV e V",ST-CPO,Coordenadoria de Projetos e Obras,Coordenadoria,SUB-ST,https://legislacao.prefeitura.sp.gov.br/leis/lei-13682-de-15-de-dezembro-de-2003
Lei nº 13.682/2003,"Art. 1º, IV e V",ST-STPO,Supervisão Técnica de Projetos e Obras,Supervisão,ST-CPO,https://legislacao.prefeitura.sp.gov.br/leis/lei-13682-de-15-de-dezembro-de-2003
Lei nº 13.682/2003,"Art. 1º, IV e V",ST-STLP,Supervisão Técnica de Limpeza Pública,Supervisão,ST-CPO,https://legislacao.prefeitura.sp.gov.br/leis/lei-13682-de-15-de-dezembro-de-2003
Lei nº 13.682/2003,"Art. 1º, IV e V",ST-STM,Supervisão Técnica de Manutenção,Supervisão,ST-CPO,https://legislacao.prefeitura.sp.gov.br/leis/lei-13682-de-15-de-dezembro-de-2003
Decreto nº 57.588/2017,Art. 1º,ST-CGL,Coordenadoria de Governo Local,Coordenadoria,SUB-ST,https://legislacao.prefeitura.sp.gov.br/leis/decreto-57588-de-10-de-fevereiro-de-2017
Decreto nº 57.588/2017,Art. 2º,ST-HABI,Supervisão de Habitação,Supervisão,ST-CGL,https://legislacao.prefeitura.sp.gov.br/leis/decreto-57588-de-10-de-fevereiro-de-2017
Decreto nº 57.588/2017,Art. 2º,ST-SC,Supervisão de Cultura,Supervisão,ST-CGL,https://legislacao.prefeitura.sp.gov.br/leis/decreto-57588-de-10-de-fevereiro-de-2017
Decreto nº 57.588/2017,Art. 2º,ST-SEL,Supervisão de Esportes e Lazer,Supervisão,ST-CGL,https://legislacao.prefeitura.sp.gov.br/leis/decreto-57588-de-10-de-fevereiro-de-2017
Lei nº 13.682/2003,"Art. 1º, I",VM-GAB,Gabinete do Subprefeito,Gabinete,SUB-VM,https://legislacao.prefeitura.sp.gov.br/leis/lei-13682-de-15-de-dezembro-de-2003
Lei nº 13.682/2003,"Art. 1º, I",VM-AJ,Assessoria Jurídica,Assessoria,VM-GAB,https://legislacao.prefeitura.sp.gov.br/leis/lei-13682-de-15-de-dezembro-de-2003
Lei nº 13.682/2003,"Art. 1º, I",VM-AC,Assessoria Executiva de Comunicação,Assessoria,VM-GAB,https://legislacao.prefeitura.sp.gov.br/leis/lei-13682-de-15-de-dezembro-de-2003
Lei nº 13.682/2003,"Art. 1º, I",VM-AT,Assessoria Técnica,Assessoria,VM-GAB,https://legislacao.prefeitura.sp.gov.br/leis/lei-13682-de-15-de-dezembro-de-2003
Lei nº 13.682/2003,"Art. 1º, I",VM-PAT,Praça de Atendimento ao Público,Unidade,VM-GAB,https://legislacao.prefeitura.sp.gov.br/leis/lei-13682-de-15-de-dezembro-de-2003
Lei nº 13.682/2003,"Art. 1º, VIII",VM-CAF,Coordenadoria de Administração e Finanças,Coordenadoria,SUB-VM,https://legislacao.prefeitura.sp.gov.br/leis/lei-13682-de-15-de-dezembro-de-2003
Lei nº 13.682/2003,"Art. 1º, VIII",VM-SAS,Supervisão de Administração e Suprimentos,Supervisão,VM-CAF,https://legislacao.prefeitura.sp.gov.br/leis/lei-13682-de-15-de-dezembro-de-2003
Lei nº 13.682/2003,"Art. 1º, VIII",VM-SF,Supervisão de Finanças,Supervisão,VM-CAF,https://legislacao.prefeitura.sp.gov.br/leis/lei-13682-de-15-de-dezembro-de-2003
Lei nº 13.682/2003,"Art. 1º, VIII",VM-SUGESP,Supervisão de Gestão de Pessoas,Supervisão,VM-CAF,https://legislacao.prefeitura.sp.gov.br/leis/lei-13682-de-15-de-dezembro-de-2003
Sem base legal formal — núcleo administrativo,,VM-AJTI,Núcleo de Informática,Núcleo (informal),VM-CAF,https://prefeitura.sp.gov.br/web/vila_prudente/w/acesso_a_informacao/50094
Lei nº 13.682/2003,"Art. 1º, III",VM-CPDU,Coordenadoria de Planejamento e Desenvolvimento Urbano,Coordenadoria,SUB-VM,https://legislacao.prefeitura.sp.gov.br/leis/lei-13682-de-15-de-dezembro-de-2003
Lei nº 13.682/2003,"Art. 1º, III",VM-STUSL,Supervisão Técnica de Uso do Solo e Licenciamentos,Supervisão,VM-CPDU,https://legislacao.prefeitura.sp.gov.br/leis/lei-13682-de-15-de-dezembro-de-2003
Lei nº 13.682/2003,"Art. 1º, III",VM-STPU,Supervisão Técnica de Planejamento Urbano,Supervisão,VM-CPDU,https://legislacao.prefeitura.sp.gov.br/leis/lei-13682-de-15-de-dezembro-de-2003
Lei nº 13.682/2003,"Art. 1º, III",VM-STF,Supervisão Técnica de Fiscalização,Supervisão,VM-CPDU,https://legislacao.prefeitura.sp.gov.br/leis/lei-13682-de-15-de-dezembro-de-2003
Lei nº 13.682/2003,"Art. 1º, IV e V",VM-CPO,Coordenadoria de Projetos e Obras,Coordenadoria,SUB-VM,https://legislacao.prefeitura.sp.gov.br/leis/lei-13682-de-15-de-dezembro-de-2003
Lei nº 13.682/2003,"Art. 1º, IV e V",VM-STPO,Supervisão Técnica de Projetos e Obras,Supervisão,VM-CPO,https://legislacao.prefeitura.sp.gov.br/leis/lei-13682-de-15-de-dezembro-de-2003
Lei nº 13.682/2003,"Art. 1º, IV e V",VM-STLP,Supervisão Técnica de Limpeza Pública,Supervisão,VM-CPO,https://legislacao.prefeitura.sp.gov.br/leis/lei-13682-de-15-de-dezembro-de-2003
Lei nº 13.682/2003,"Art. 1º, IV e V",VM-STM,Supervisão Técnica de Manutenção,Supervisão,VM-CPO,https://legislacao.prefeitura.sp.gov.br/leis/lei-13682-de-15-de-dezembro-de-2003
Decreto nº 57.588/2017,Art. 1º,VM-CGL,Coordenadoria de Governo Local,Coordenadoria,SUB-VM,https://legislacao.prefeitura.sp.gov.br/leis/decreto-57588-de-10-de-fevereiro-de-2017
Decreto nº 57.588/2017,Art. 2º,VM-HABI,Supervisão de Habitação,Supervisão,VM-CGL,https://legislacao.prefeitura.sp.gov.br/leis/decreto-57588-de-10-de-fevereiro-de-2017
Decreto nº 57.588/2017,Art. 2º,VM-SC,Supervisão de Cultura,Supervisão,VM-CGL,https://legislacao.prefeitura.sp.gov.br/leis/decreto-57588-de-10-de-fevereiro-de-2017
Decreto nº 57.588/2017,Art. 2º,VM-SEL,Supervisão de Esportes e Lazer,Supervisão,VM-CGL,https://legislacao.prefeitura.sp.gov.br/leis/decreto-57588-de-10-de-fevereiro-de-2017
Lei nº 13.682/2003,"Art. 1º, I",VP-GAB,Gabinete do Subprefeito,Gabinete,SUB-VP,https://legislacao.prefeitura.sp.gov.br/leis/lei-13682-de-15-de-dezembro-de-2003
Lei nº 13.682/2003,"Art. 1º, I",VP-AJ,Assessoria Jurídica,Assessoria,VP-GAB,https://legislacao.prefeitura.sp.gov.br/leis/lei-13682-de-15-de-dezembro-de-2003
Lei nº 13.682/2003,"Art. 1º, I",VP-AC,Assessoria Executiva de Comunicação,Assessoria,VP-GAB,https://legislacao.prefeitura.sp.gov.br/leis/lei-13682-de-15-de-dezembro-de-2003
Lei nº 13.682/2003,"Art. 1º, I",VP-AT,Assessoria Técnica,Assessoria,VP-GAB,https://legislacao.prefeitura.sp.gov.br/leis/lei-13682-de-15-de-dezembro-de-2003
Lei nº 13.682/2003,"Art. 1º, I",VP-PAT,Praça de Atendimento ao Público,Unidade,VP-GAB,https://legislacao.prefeitura.sp.gov.br/leis/lei-13682-de-15-de-dezembro-de-2003
Lei nº 13.682/2003,"Art. 1º, VIII",VP-CAF,Coordenadoria de Administração e Finanças,Coordenadoria,SUB-VP,https://legislacao.prefeitura.sp.gov.br/leis/lei-13682-de-15-de-dezembro-de-2003
Lei nº 13.682/2003,"Art. 1º, VIII",VP-SAS,Supervisão de Administração e Suprimentos,Supervisão,VP-CAF,https://legislacao.prefeitura.sp.gov.br/leis/lei-13682-de-15-de-dezembro-de-2003
Lei nº 13.682/2003,"Art. 1º, VIII",VP-SF,Supervisão de Finanças,Supervisão,VP-CAF,https://legislacao.prefeitura.sp.gov.br/leis/lei-13682-de-15-de-dezembro-de-2003
Lei nº 13.682/2003,"Art. 1º, VIII",VP-SUGESP,Supervisão de Gestão de Pessoas,Supervisão,VP-CAF,https://legislacao.prefeitura.sp.gov.br/leis/lei-13682-de-15-de-dezembro-de-2003
Sem base legal formal — núcleo administrativo,,VP-AJTI,Núcleo de Informática,Núcleo (informal),VP-CAF,https://prefeitura.sp.gov.br/web/vila_prudente/w/acesso_a_informacao/50094
Lei nº 13.682/2003,"Art. 1º, III",VP-CPDU,Coordenadoria de Planejamento e Desenvolvimento Urbano,Coordenadoria,SUB-VP,https://legislacao.prefeitura.sp.gov.br/leis/lei-13682-de-15-de-dezembro-de-2003
Lei nº 13.682/2003,"Art. 1º, III",VP-STUSL,Supervisão Técnica de Uso do Solo e Licenciamentos,Supervisão,VP-CPDU,https://legislacao.prefeitura.sp.gov.br/leis/lei-13682-de-15-de-dezembro-de-2003
Lei nº 13.682/2003,"Art. 1º, III",VP-STPU,Supervisão Técnica de Planejamento Urbano,Supervisão,VP-CPDU,https://legislacao.prefeitura.sp.gov.br/leis/lei-13682-de-15-de-dezembro-de-2003
Lei nº 13.682/2003,"Art. 1º, III",VP-STF,Supervisão Técnica de Fiscalização,Supervisão,VP-CPDU,https://legislacao.prefeitura.sp.gov.br/leis/lei-13682-de-15-de-dezembro-de-2003
Lei nº 13.682/2003,"Art. 1º, IV e V",VP-CPO,Coordenadoria de Projetos e Obras,Coordenadoria,SUB-VP,https://legislacao.prefeitura.sp.gov.br/leis/lei-13682-de-15-de-dezembro-de-2003
Lei nº 13.682/2003,"Art. 1º, IV e V",VP-STPO,Supervisão Técnica de Projetos e Obras,Supervisão,VP-CPO,https://legislacao.prefeitura.sp.gov.br/leis/lei-13682-de-15-de-dezembro-de-2003
Lei nº 13.682/2003,"Art. 1º, IV e V",VP-STLP,Supervisão Técnica de Limpeza Pública,Supervisão,VP-CPO,https://legislacao.prefeitura.sp.gov.br/leis/lei-13682-de-15-de-dezembro-de-2003
Lei nº 13.682/2003,"Art. 1º, IV e V",VP-STM,Supervisão Técnica de Manutenção,Supervisão,VP-CPO,https://legislacao.prefeitura.sp.gov.br/leis/lei-13682-de-15-de-dezembro-de-2003
Decreto nº 57.588/2017,Art. 1º,VP-CGL,Coordenadoria de Governo Local,Coordenadoria,SUB-VP,https://legislacao.prefeitura.sp.gov.br/leis/decreto-57588-de-10-de-fevereiro-de-2017
Decreto nº 57.588/2017,Art. 2º,VP-HABI,Supervisão de Habitação,Supervisão,VP-CGL,https://legislacao.prefeitura.sp.gov.br/leis/decreto-57588-de-10-de-fevereiro-de-2017
Decreto nº 57.588/2017,Art. 2º,VP-SC,Supervisão de Cultura,Supervisão,VP-CGL,https://legislacao.prefeitura.sp.gov.br/leis/decreto-57588-de-10-de-fevereiro-de-2017
Decreto nº 57.588/2017,Art. 2º,VP-SEL,Supervisão de Esportes e Lazer,Supervisão,VP-CGL,https://legislacao.prefeitura.sp.gov.br/leis/decreto-57588-de-10-de-fevereiro-de-2017
